1;Z
2;Uu152
3;Uu153
4;Uu154
5;Uu155
6;Uu156
7;Uu157
8;Uu158
9;Uu159
10;V20
20;Uu131
30;Uu132
40;Uu133
50;Uu134
60;Uu136
70;Uu137
80;Uu138
90;Uu139
100;V1
200;Uu116
300;Uu117
400;Uu118
500;Uu119
600;Uu120
700;Uu121
800;Uu122
900;Uu123
1000;M12
2000;
3000;
4000;Uu40
5000;Uu41
6000;Uu42
7000;Uu43
8000;Uu44
9000;Uu45
10000;D50
20000;
30000;Uu9
40000;Uu10
50000;Uu11
60000;Uu12
70000;Uu13
80000;Uu14
90000;Uu15
A;G1
y;Z4
Y;Z4
i;M17
a;D36
w;G43
b;D58
p;Q3
f;I9
m;G17
n;N35
r;D21
h;O4
H;V28
x;Aa1
X;F32
z;O34
s;S29
S;N37
q;N29
k;V31
g;W11
t;X1
T;V13
d;D46
D;I10
M;Aa13
W;Z7
N;S3
l;E23
mSa;A12
xr;A15
Xrd;A17
sr;A21
mniw;A33
qiz;A38
iry;A47
Sps;A50
Spsi;A51
msi;B3
DHwty;C3
Xnmw;C4
inpw;C6
stX;C7
mnw;C8
mAat;C10
HH;C11
tp;D1
Hr;D2
Sny;D3
rmi;D9
wDAt;D10
fnD;D19
rA;D21
spt;D24
spty;D25
mnD;D27
kA;D28
aHA;D34
Dsr;D45
Dba;D50
mt;D52
gH;D56
gHs;D56
rd;D56
sbq;D56
ab;D59
wab;D60
sAH;D61
zzmt;E6
zAb;E17
mAi;E22
rw;E23
Aby;E24
wn;E34
Hat;F4
SsA;F5
wsr;F12
wp;F13
db;F16
Hw;F18
bH;F18
ns;F20
DrD;F21
idn;F21
msDr;F21
sDm;F21
kfA;F22
pH;F22
xpS;F23
wHm;F25
Xn;F26
sti;F29
Sd;F30
ms;F31
sd;F33
ib;F34
nfr;F35
zmA;F36
imAx;F39
Aw;F40
spr;F42
isw;F44
iwa;F44
pXr;F46
qAb;F46
AA;G2
tyw;G4
mwt;G14
bnbty;G16
mm;G18
nH;G21
Db;G22
rxyt;G23
Ax;G25
dSr;G27
gm;G28
bA;G29
baHi;G32
aq;G35
wr;G36
gb;G38
zA;G39
pA;G40
xn;G41
wSA;G42
ww;G44
mAw;G46
TA;G47
snD;G54
pq;H2
wSm;H2
pAq;H3
nr;H4
Sw;H6
aSA;I1
Styw;I2
mzH;I3
sbk;I4
sAq;I5
km;I6
Hfn;I8
DD;I11
in;K1
ad;K3
XA;K4
bz;K5
nSmt;K6
xpr;L1
bit;L2
srqt;L7
iAm;M1
Hn;M2
xt;M3
rnp;M4
tr;M6
SA;M8
zSn;M9
wdn;M11
xA;M12
wAD;M13
HA;M16
ii;M18
sxt;M20
sm;M21
sw;M23
rsw;M24
Sma;M26
nDm;M29
bnr;M30
bdt;M34
Dr;M36
iz;M40
pt;N1
iAdt;N4
idt;N4
hrw;N5
ra;N5
zw;N5
Hnmmt;N8
pzD;N9
Abd;N11
iaH;N12
dwA;N14
abA;N14
dwAt;N15
tA;N16
iw;N18
wDb;N20
spAt;N24
xAst;N25
Dw;N26
Axt;N27
xa;N28
iAt;N30
mw;N35A
Sm;N40
id;N41
pr;O1
Hwt;O6
aH;O11
wsxt;O15
kAr;O18
zH;O22
txn;O25
iwn;O28
aA;O29
zxnt;O30
zb;O35
inb;O36
Szp;O42
ipt;O45
nxn;O47
niwt;O49
zp;O50
Snwt;O51
wHa;P4
Taw;P5
nfw;P5
aHa;P6
xrw;P8
st;Q1
wz;Q2
qrsw;Q6
xAt;R1
xAwt;R1
http;R4
kAp;R5
kp;R5
snTr;R7
nTr;R8
nTrw;R8A
bdt;R9
Dd;R11
dd;R11
imnt;R14
iAb;R15
wx;R16
xm;R22
HDt;S1
dSrt;S3
sxmty;S6
xprS;S7
Atf;S8
Swty;S9
mDH;S10
wsxt;S11
nbw;S12
THn;S15
tHn;S15
mnit;S18
sDAw;S19
xtm;S20
sT;S22
dmD;S23
Tz;S24
Sndyt;S26
mnxt;S27
sf;S30
siA;S32
Tb;S33
anx;S34
Swt;S35
xw;S37
HqA;S38
awt;S39
wAs;S40
Dam;S41
abA;S42
sxmty;S42
xrp;S42
md;S43
Ams;S44
nxxw;S45
HDt;T3
HDD;T6
pd;T9
pD;T10
sXr;T11
zin;T11
zwn;T11
Ai;T12
Ar;T12
rwD;T12
rwd;T12
rs;T13
qmA;T14
wrrt;T17
Sms;T18
qs;T19
wa;T21
sn;T22
iH;T24
DbA;T25
Xr;T28
nmt;T29
sSm;T31
nm;T34
mA;U1
mr;U6
it;U10
HqAt;U11
Sna;U13
hb;U13
tm;U15
biA;U16
grg;U17
stp;U21
mnx;U22
Ab;U23
Hmt;U24
wbA;U26
DA;U28
rtH;U31
zmn;U32
ti;U33
xsf;U34
Hm;U36
mxAt;U38
sTA;V2
sTAw;V3
wA;V4
snT;V5
Ss;V6
Sn;V7
arq;V12
iTi;V15
TmA;V19
XAr;V19
mDt;V19
mD;V20
mH;V22
wD;V24
aD;V26
sk;V29
wAH;V29
nb;V30
msn;V32
sSr;V33
idr;V37
bAs;W2
Hb;W3
Xnm;W9
iab;W10
nzt;W11
Hz;W14
xnt;W17
mi;W19
Hnqt;W22
nw;W24
ini;W25
di;X8
rdi;X8
mDAt;Y1
mnhd;Y3
zS;Y3
mn;Y5
ibA;Y6
zSSt;Y8
imi;Z11
Hwi;Z12
Hp;Aa5
qn;Aa8
mAa;Aa11
gs;Aa13
im;Aa13
sA;Aa17
apr;Aa20
wDa;Aa21
nD;Aa27
qd;Aa28
Xkr;Aa30
