A1;u13000
A1A;none
A1B;none
A1C;none
A2;u13001
A2A;none
A3;u13002
A3A;none
A3B;none
A4;u13003
A4A;none
A4B;none
A4C;none
A4D;none
A5;u13004
A5A;u13005
A5B;none
A6;u13006
A6A;u13007
A6B;u13008
A6C;none
A6D;none
A6E;none
A6F;none
A6G;none
A6H;none
A6I;none
A6J;none
A6K;none
A6L;none
A7;u13009
A7A;none
A8;u1300a
A8A;none
A9;u1300b
A9A;none
A9B;none
A9C;none
A10;u1300c
A10A;none
A10B;none
A11;u1300d
A12;u1300e
A12A;none
A12B;none
A12C;none
A12D;none
A13;u1300f
A13A;none
A13B;none
A13C;none
A13D;none
A13E;none
A13F;none
A13G;none
A13H;none
A13I;none
A13J;none
A13K;none
A13L;none
A13M;none
A13N;none
A13O;none
A13P;none
A14;u13010
A14A;u13011
A14B;none
A14C;none
A14D;none
A14E;none
A14F;none
A14G;none
A14H;none
A14I;none
A14J;none
A15;u13012
A15A;none
A15B;none
A15C;none
A16;u13013
A16A;none
A16B;none
A16C;none
A17;u13014
A17A;u13015
A17B;none
A17C;none
A17D;none
A18;u13016
A19;u13017
A20;u13018
A21;u13019
A21A;none
A21B;none
A22;u1301a
A23;u1301b
A23A;none
A23B;none
A23C;none
A23D;none
A23E;none
A23F;none
A23G;none
A23H;none
A24;u1301c
A25;u1301d
A25A;none
A26;u1301e
A27;u1301f
A27A;none
A28;u13020
A29;u13021
A30;u13022
A31;u13023
A31A;none
A31B;none
A31C;none
A32;u13024
A32A;u13025
A32B;none
A32C;none
A32D;none
A32E;none
A32F;none
A32G;none
A32H;none
A33;u13026
A33A;none
A33B;none
A33C;none
A33D;none
A33E;none
A34;u13027
A34A;none
A34B;none
A35;u13028
A35A;none
A35B;none
A35C;none
A35D;none
A35E;none
A35F;none
A36;u13029
A36A;none
A36B;none
A36C;none
A37;u1302a
A38;u1302b
A39;u1302c
A40;u1302d
A40A;u1302e
A40B;none
A40C;none
A40D;none
A40E;none
A40F;none
A40G;none
A40H;none
A40I;none
A41;u1302f
A42;u13030
A42A;u13031
A42B;none
A42C;none
A43;u13032
A43A;u13033
A43B;none
A43C;none
A43D;none
A43E;none
A43F;none
A43G;none
A43H;none
A43I;none
A43J;none
A43K;none
A43L;none
A43M;none
A44;u13034
A45;u13035
A45A;u13036
A45B;none
A45C;none
A45D;none
A45E;none
A46;u13037
A47;u13038
A47A;none
A47B;none
A47C;none
A47D;none
A47E;none
A48;u13039
A48A;none
A48B;none
A49;u1303a
A49A;none
A50;u1303b
A50A;none
A50B;none
A50C;none
A50D;none
A50E;none
A50F;none
A50G;none
A51;u1303c
A51A;none
A51B;none
A51C;none
A51D;none
A51E;none
A51F;none
A51G;none
A52;u1303d
A52A;none
A52B;none
A52C;none
A52D;none
A52E;none
A52F;none
A52G;none
A52H;none
A52I;none
A52J;none
A53;u1303e
A53A;none
A54;u1303f
A55;u13040
A55A;none
A56;u13041
A57;u13042
A57A;none
A57B;none
A57C;none
A57D;none
A58;u13043
A58A;none
A58B;none
A59;u13044
A59A;none
A60;u13045
A60A;none
A61;u13046
A62;u13047
A62A;none
A63;u13048
A63A;none
A63B;none
A66;u1304b
A67;u1304c
A68;u1304d
A69;u1304e
A71;none
A72;none
A72A;none
A73;none
A73A;none
A74;none
A75;none
A76;none
A76A;none
A76B;none
A76C;none
A76D;none
A77;none
A78;none
A80;none
A80A;none
A80B;none
A81;none
A81A;none
A81B;none
A82;none
A83;none
A84;none
A85;none
A86;none
A87;none
A87A;none
A88;none
A89;none
A90;none
A90A;none
A90B;none
A90C;none
A90D;none
A91;none
A92;none
A93;none
A94;none
A95;none
A96;none
A96A;none
A97;none
A98;none
A99;none
A100;none
A100A;none
A100B;none
A101;none
A101A;none
A101B;none
A101C;none
A101D;none
A102;none
A103;none
A104;none
A104A;none
A104B;none
A105;none
A107;none
A108;none
A108A;none
A109;none
A109A;none
A109B;none
A109C;none
A109D;none
A109E;none
A109F;none
A109G;none
A109H;none
A110;none
A111;none
A112;none
A113;none
A114;none
A114A;none
A114B;none
A115;none
A116;none
A116A;none
A116B;none
A117;none
A117A;none
A117B;none
A118;none
A119;none
A119A;none
A120;none
A121;none
A121A;none
A121B;none
A121C;none
A122;none
A123;none
A124;none
A125;none
A126;none
A127;none
A130;none
A131;none
A131A;none
A131C;none
A132;none
A133;none
A133A;none
A133B;none
A135;none
A135A;none
A135B;none
A135C;none
A135D;none
A135E;none
A135F;none
A136;none
A137;none
A138;none
A139;none
A139A;none
A139B;none
A139C;none
A139D;none
A140;none
A140A;none
A141;none
A141A;none
A142;none
A143;none
A143A;none
A144;none
A145;none
A146;none
A147;none
A148;none
A149;none
A150;none
A151;none
A152;none
A153;none
A153A;none
A155;none
A156;none
A157;none
A158;none
A158A;none
A158B;none
A158C;none
A158D;none
A158E;none
A158F;none
A159;none
A160;none
A161;none
A165;none
A165A;none
A166;none
A168;none
A169;none
A170;none
A171;none
A172;none
A174;none
A175;none
A176;none
A176A;none
A176B;none
A179;none
A179A;none
A180;none
A181;none
A182;none
A183;none
A184;none
A184A;none
A185;none
A186;none
A187;none
A188;none
A189;none
A190;none
A190A;none
A192;none
A193;none
A194;none
A194A;none
A195;none
A196;none
A197;none
A198;none
A199;none
A199A;none
A199B;none
A200;none
A201;none
A202;none
A203;none
A204;none
A205;none
A206;none
A207;none
A207A;none
A208;none
A209;none
A210;none
A211;none
A211A;none
A212;none
A212A;none
A214;none
A215;none
A216;none
A216A;none
A216B;none
A216C;none
A216D;none
A216E;none
A216F;none
A216G;none
A216H;none
A218;none
A219;none
A219A;none
A219B;none
A219C;none
A219D;none
A221;none
A222;none
A223;none
A223A;none
A223B;none
A223C;none
A224;none
A225;none
A226;none
A227;none
A229;none
A230;none
A233;none
A234;none
A235;none
A236;none
A237;none
A239;none
A239A;none
A239B;none
A239C;none
A239D;none
A240;none
A240A;none
A240B;none
A240C;none
A240D;none
A241;none
A242;none
A243;none
A244;none
A244A;none
A245;none
A245A;none
A245B;none
A245C;none
A245D;none
A247;none
A248;none
A248A;none
A248B;none
A249;none
A249A;none
A250;none
A251;none
A252;none
A253;none
A254;none
A254A;none
A255;none
A256;none
A257;none
A258;none
A259;none
A260;none
A261;none
A262;none
A263;none
A264;none
A265;none
A266;none
A267;none
A268;none
A269;none
A270;none
A271;none
A272;none
A272A;none
A273;none
A274;none
A274A;none
A275;none
A276;none
A278;none
A278A;none
A278B;none
A279;none
A280;none
A281;none
A282;none
A283;none
A284;none
A285;none
A285A;none
A286;none
A287;none
A287A;none
A288;none
A289;none
A290;none
A291;none
A292;none
A293;none
A294;none
A295;none
A296;none
A296A;none
A296B;none
A296C;none
A296D;none
A296E;none
A296F;none
A296G;none
A298;none
A299;none
A299A;none
A299B;none
A299C;none
A299D;none
A299E;none
A300;none
A300A;none
A300B;none
A300C;none
A300D;none
A300E;none
A301;none
A301A;none
A302;none
A302A;none
A302B;none
A302C;none
A302D;none
A303;none
A304;none
A304A;none
A304B;none
A304C;none
A304D;none
A304E;none
A304F;none
A304G;none
A305;none
A305A;none
A305B;none
A305C;none
A306;none
A307;none
A308;none
A308A;none
A309;none
A310;none
A310A;none
A310B;none
A310C;none
A310D;none
A311;none
A311A;none
A311B;none
A311C;none
A311D;none
A311E;none
A311F;none
A313;none
A313A;none
A314;none
A314A;none
A316;none
A317;none
A318;none
A319;none
A320;none
A321;none
A322;none
A323;none
A324;none
A324A;none
A326;none
A327;none
A330;none
A332;none
A333;none
A334;none
A335;none
A336;none
A337;none
A338;none
A339;none
A340;none
A341;none
A342;none
A343;none
A344;none
A345;none
A346;none
A347;none
A348;none
A348A;none
A349;none
A350;none
A351;none
A352;none
A353;none
A354;none
A355;none
A356;none
A357;none
A358;none
A359;none
A360;none
A361;none
A362;none
A363;none
A364;none
A365;none
A366;none
A367;none
A368;none
A369;none
A370;none
A371;none
A372;none
A374;none
A375;none
A376;none
A376A;none
A377;none
A378;none
A379;none
A380;none
A381;none
A382;none
A383;none
A384;none
A385;none
A386;none
A387;none
A388;none
A389;none
A390;none
A391;none
A392;none
A393;none
A394;none
A395;none
A396;none
A397;none
A398;none
A399;none
A400;none
A401;none
A402;none
A403;none
A404;none
A405;none
A406;none
A407;none
A408;none
A409;none
A410;none
A411;none
A412;none
A412A;none
A413;none
A414;none
A415;none
A416;none
A417;none
A418;none
A419;none
A420;none
A421;none
A422;none
A423;none
A424;none
A425;none
A426;none
A426A;none
A426B;none
A427;none
A428;none
A429;none
A430;none
A431;none
A432;none
A433;none
A434;none
A435;none
A436;none
A437;none
A738;none
A439;none
A440;none
A441;none
A442;none
A443;none
A444;none
A445;none
A446;none
A447;none
A448;none
A449;none
A450;none
A451;none
A452;none
A453;none
A454;none
A455;none
A456;none
A457;none
A458;none
A459;none
A460;none
A461;none
A461A;none
A462;none
A463;none
A463A;none
A464;none
A465;none
A465A;none
A465B;none
A465C;none
A466;none
A466A;none
A467;none
A468;none
A468A;none
A469;none
A470;none
A471;none
A472;none
A473;none
A474;none
A475;none
A476;none
A477;none
A478;none
A479;none
A480;none
A481;none
A482;none
A483;none
A484;none
A485;none
A486;none
A487;none
A488;none
A489;none
A490;none
A491;none
A492;none
A493;none
A494;none
A495;none
A496;none
A497;none
A498;none
A499;none
A500;none
A501;none
A502;none
A503;none
A503A;none
A503B;none
A504;none
A505;none
A506;none
A507;none
A508;none
A509;none
A510;none
A511;none
A512;none
A513;none
A514;none
B1;u13050
B1A;none
B1B;none
B1C;none
B1D;none
B1E;none
B1F;none
B1G;none
B1H;none
B1I;none
B1J;none
B1K;none
B1L;none
B2;u13051
B2A;none
B3;u13052
B3A;none
B3B;none
B3C;none
B4;u13053
B5;u13054
B5A;u13055
B5B;none
B5C;none
B5D;none
B5E;none
B6;u13056
B6A;none
B6B;none
B6C;none
B7;u13057
B7A;none
B7B;none
B7C;none
B7D;none
B7E;none
B7F;none
B7G;none
B7H;none
B7I;none
B7J;none
B8;u13058
B8A;none
B8B;none
B8C;none
B8D;none
B8E;none
B8F;none
B8G;none
B8H;none
B8I;none
B9;u13059
B10;none
B11;none
B12;none
B13;none
B13A;none
B14;none
B15;none
B15A;none
B16;none
B17;none
B18;none
B18A;none
B19;none
B19A;none
B20;none
B21;none
B21A;none
B21B;none
B21C;none
B21D;none
B21E;none
B22;none
B23;none
B23A;none
B23B;none
B23C;none
B23E;none
B23F;none
B24;none
B24A;none
B25;none
B26;none
B27;none
B28;none
B29;none
B30;none
B31;none
B32;none
B33;none
B34;none
B35;none
B36;none
B36A;none
B36B;none
B37;none
B38;none
B38A;none
B39;none
B39A;none
B40;none
B41;none
B42;none
B42A;none
B43;none
B44;none
B45;none
B45A;none
B45B;none
B46;none
B47;none
B48;none
B48A;none
B49;none
B49A;none
B49B;none
B50;none
B51;none
B52;none
B53;none
B54;none
B55;none
B56;none
B56A;none
B56B;none
B57;none
B58;none
B59;none
B60;none
B61;none
B62;none
B63;none
B64;none
B65;none
B65A;none
B66;none
B67;none
B68;none
B69;none
B70;none
B71;none
B72;none
B73;none
B74;none
B75;none
B76;none
B77;none
B77A;none
B78;none
B79;none
B80;none
B80A;none
B81;none
B82;none
B83;none
B84;none
B85;none
B86;none
B87;none
B88;none
B89;none
B90;none
B91;none
B92;none
B93;none
B94;none
B95;none
B96;none
B97;none
B98;none
B99;none
B100;none
B101;none
B102;none
B102A;none
B103;none
B104;none
B105;none
B106;none
C1;u1305a
C1A;none
C1B;none
C1C;none
C1D;none
C2;u1305b
C2A;u1305c
C2B;u1305d
C2C;u1305e
C2D;none
C2E;none
C2F;none
C2G;none
C2H;none
C2I;none
C3;u1305f
C3A;none
C3B;none
C3C;none
C3D;none
C4;u13060
C4A;none
C4B;none
C4C;none
C4D;none
C4E;none
C4F;none
C4G;none
C4H;none
C4I;none
C4J;none
C5;u13061
C6;u13062
C6A;none
C6B;none
C6C;none
C6D;none
C6E;none
C6F;none
C6G;none
C7;u13063
C7A;none
C7B;none
C7C;none
C7D;none
C7E;none
C7F;none
C8;u13064
C8A;none
C9;u13065
C9A;none
C9B;none
C9C;none
C9D;none
C9E;none
C9F;none
C9G;none
C9H;none
C9I;none
C9J;none
C9K;none
C9L;none
C9M;none
C10;u13066
C10A;u13067
C10B;none
C10C;none
C10D;none
C10E;none
C10F;none
C10G;none
C11;u13068
C11B;none
C11C;none
C11D;none
C11E;none
C11G;none
C11H;none
C11I;none
C11J;none
C11K;none
C11L;none
C12;u13069
C12A;none
C12B;none
C12C;none
C12D;none
C12E;none
C12F;none
C12G;none
C12H;none
C12I;none
C12J;none
C12K;none
C12L;none
C12M;none
C14;u1306b
C17;u1306e
C17A;none
C17B;none
C17C;none
C17D;none
C18;u1306f
C18A;none
C18B;none
C18C;none
C18D;none
C18E;none
C18F;none
C19;u13070
C19A;none
C19B;none
C19C;none
C20;u13071
C20A;none
C20B;none
C21;u13072
C21A;none
C22;u13073
C22A;none
C22B;none
C22C;none
C22D;none
C22E;none
C22F;none
C22G;none
C22H;none
C22I;none
C23;u13074
C23A;none
C24;u13075
C25;none
C25A;none
C26;none
C26A;none
C26B;none
C27;none
C27A;none
C27B;none
C27C;none
C27D;none
C28;none
C29;none
C30;none
C30A;none
C31;none
C32;none
C32A;none
C32B;none
C33;none
C33A;none
C34;none
C35;none
C35A;none
C36;none
C37;none
C38;none
C38B;none
C39;none
C39A;none
C39B;none
C39C;none
C39D;none
C39E;none
C39F;none
C39G;none
C39H;none
C40;none
C41;none
C42;none
C43;none
C43A;none
C43B;none
C43C;none
C43D;none
C43E;none
C43F;none
C43G;none
C43H;none
C44;none
C45;none
C45A;none
C46;none
C46A;none
C46B;none
C46C;none
C47;none
C48;none
C49;none
C49A;none
C49B;none
C50;none
C50A;none
C50B;none
C51;none
C52;none
C52A;none
C52B;none
C52C;none
C52D;none
C53;none
C53A;none
C53B;none
C53C;none
C54;none
C55;none
C56;none
C56A;none
C57;none
C58;none
C59;none
C59A;none
C59B;none
C59C;none
C60;none
C61;none
C61A;none
C62;none
C63;none
C64;none
C64A;none
C65;none
C65A;none
C66;none
C67;none
C68;none
C69;none
C69A;none
C70;none
C71;none
C71A;none
C72;none
C73;none
C74;none
C75;none
C76;none
C76A;none
C77;none
C77A;none
C78;none
C78A;none
C78B;none
C78C;none
C78D;none
C78E;none
C78F;none
C78G;none
C79;none
C80;none
C81;none
C82;none
C84;none
C87;none
C88;none
C89;none
C90;none
C91;none
C91A;none
C91B;none
C92;none
C92A;none
C92B;none
C93;none
C94;none
C95;none
C95A;none
C96;none
C97;none
C98;none
C98A;none
C98B;none
C98C;none
C98D;none
C98E;none
C98F;none
C99;none
C99A;none
C99B;none
C100;none
C101;none
C101A;none
C102;none
C102A;none
C102B;none
C102C;none
C102D;none
C102E;none
C102F;none
C102G;none
C103;none
C104;none
C104A;none
C104B;none
C104C;none
C104D;none
C105;none
C105A;none
C105B;none
C105C;none
C105D;none
C105E;none
C106;none
C106A;none
C106B;none
C107;none
C107A;none
C108;none
C108A;none
C109;none
C109A;none
C110;none
C111;none
C111A;none
C111B;none
C111C;none
C112;none
C113;none
C113A;none
C114;none
C114A;none
C115;none
C115A;none
C116;none
C116A;none
C116B;none
C117;none
C118;none
C119;none
C119A;none
C119B;none
C120;none
C121;none
C122;none
C123;none
C124;none
C125;none
C125A;none
C125B;none
C126;none
C126A;none
C127;none
C128;none
C129;none
C130;none
C131;none
C132;none
C132A;none
C133;none
C134;none
C135;none
C136;none
C137;none
C138;none
C138A;none
C138B;none
C138C;none
C138D;none
C139;none
C140;none
C140A;none
C141;none
C144;none
C145;none
C146;none
C147;none
C148;none
C148A;none
C149;none
C149A;none
C150;none
C151;none
C151A;none
C152;none
C153;none
C153A;none
C154;none
C155;none
C155A;none
C155B;none
C156;none
C157;none
C158;none
C159;none
C159A;none
C159B;none
C159C;none
C159D;none
C159E;none
C159F;none
C159G;none
C159H;none
C159I;none
C160;none
C161;none
C161A;none
C162;none
C163;none
C163A;none
C164;none
C164A;none
C164B;none
C164C;none
C164D;none
C164E;none
C164F;none
C165;none
C165A;none
C165B;none
C165C;none
C165D;none
C166;none
C166A;none
C167;none
C168;none
C169;none
C170;none
C171;none
C171A;none
C172;none
C173;none
C174;none
C175;none
C175A;none
C176;none
C177;none
C178;none
C178A;none
C179;none
C180;none
C180A;none
C180B;none
C180C;none
C180D;none
C181;none
C182;none
C182A;none
C182B;none
C183;none
C183A;none
C184;none
C185;none
C185A;none
C185B;none
C185C;none
C185D;none
C185E;none
C186;none
C187;none
C188;none
C188A;none
C188B;none
C188C;none
C189;none
C190;none
C190A;none
C190B;none
C190C;none
C190D;none
C191;none
C192;none
C193;none
C193A;none
C194;none
C195;none
C195A;none
C195B;none
C196;none
C195A;none
C197;none
C197A;none
C198;none
C199;none
C199A;none
C200;none
C201;none
C202;none
C203;none
C204;none
C205;none
C206;none
C206A;none
C207;none
C208;none
C209;none
C210;none
C211;none
C212;none
C213;none
C214;none
C214A;none
C215;none
C216;none
C216A;none
C216B;none
C217;none
C218;none
C218A;none
C219;none
C220;none
C221;none
C221A;none
C222;none
C222A;none
C222B;none
C223;none
C223A;none
C224;none
C225;none
C226;none
C227;none
C228;none
C229;none
C230;none
C231;none
C232;none
C233;none
C233A;none
C233B;none
C233C;none
C234;none
C235;none
C236;none
C237;none
C238;none
C239;none
C240;none
C241;none
C242;none
C243;none
C244;none
C245;none
C246;none
C247;none
C248;none
C249;none
C250;none
C251;none
C252;none
C253;none
C254;none
C255;none
C255A;none
C255B;none
C255C;none
C256;none
C257;none
C258;none
C258A;none
C259;none
C260;none
C261;none
C262;none
C262A;none
C263;none
C264;none
C265;none
C265A;none
C266;none
C267;none
C268;none
C268A;none
C268B;none
C268C;none
C268D;none
C268E;none
C268F;none
C268G;none
C268H;none
C268I;none
C269;none
C270;none
C271;none
C272;none
C273;none
C274;none
C274A;none
C274B;none
C275;none
C275A;none
C275B;none
C276;none
C277;none
C278;none
C279;none
C280;none
C281;none
C282;none
C283;none
C284;none
C285;none
C286;none
C287;none
C289;none
C290;none
C291;none
C292;none
C293;none
C295;none
C296;none
C297;none
C298;none
C299;none
C300;none
C301;none
C302;none
C303;none
C304;none
C305;none
C306;none
C307;none
C308;none
C309;none
C310;none
C311;none
C312;none
C313;none
C314;none
D1;u13076
D1A;none
D2;u13077
D2A;none
D3;u13078
D3A;none
D3B;none
D4;u13079
D5;u1307a
D6;u1307b
D6A;none
D7;u1307c
D7A;none
D7B;none
D7C;none
D7D;none
D8;u1307d
D8A;u1307e
D8B;none
D8C;none
D8D;none
D9;u1307f
D9A;none
D10;u13080
D10A;none
D10B;none
D11;u13081
D12;u13082
D13;u13083
D14;u13084
D15;u13085
D16;u13086
D17;u13087
D18;u13088
D19;u13089
D20;u1308a
D21;u1308b
D21A;none
D22;u1308c
D22A;none
D22B;none
D23;u1308d
D23A;none
D23B;none
D24;u1308e
D25;u1308f
D26;u13090
D26A;none
D26B;none
D27;u13091
D27A;u13092
D28;u13093
D28A;none
D29;u13094
D30;u13095
D31;u13096
D32;u13098
D32A;none
D32B;none
D32C;none
D32D;none
D33;u13099
D33A;none
D33B;none
D33C;none
D34;u1309a
D34A;u1309b
D34B;none
D34C;none
D35;u1309c
D35A;none
D36;u1309d
D37;u1309e
D38;u1309f
D39;u130a0
D40;u130a1
D41;u130a2
D42;u130a3
D43;u130a4
D44;u130a5
D45;u130a6
D46;u130a7
D46A;u130a8
D46B;none
D46C;none
D46D;none
D47;u130a9
D47A;none
D48;u130aa
D49;u130ac
D50;u130ad
D50A;u130ae
D51;u130b7
D52;u130b8
D52A;u130b9
D53;u130ba
D53A;none
D54;u130bb
D55;u130bd
D56;u130be
D57;u130bf
D57A;none
D57B;none
D57C;none
D57D;none
D58;u130c0
D59;u130c1
D60;u130c2
D61;u130c3
D61A;none
D62;u130c4
D63;u130c5
D63A;none
D63B;none
D63C;none
D63E;none
D63F;none
D63G;none
D65;u130c7
D67;u130c9
D68;none
D69;none
D70;none
D71;none
D72;none
D73;none
D74;none
D75;none
D76;none
D77;none
D78;none
D79;none
D80;none
D81;none
D82;none
D83;none
D84;none
D85;none
D86;none
D87;none
D88;none
D89;none
D90;none
D91;none
D92;none
D93;none
D94;none
D95;none
D96;none
D97;none
D98;none
D99;none
D100;none
D101;none
D102;none
D103;none
D104;none
D105;none
D106;none
D107;none
D108;none
D109;none
D110;none
D111;none
D112;none
D113;none
D114;none
D115;none
D116;none
D117;none
D118;none
D119;none
D120;none
D121;none
D122;none
D123;none
D124;none
D125;none
D126;none
D127;none
D128;none
D129;none
D129A;none
D130;none
D130A;none
D131;none
D132;none
D133;none
D134;none
D135;none
D136;none
D137;none
D138;none
D139;none
D140;none
D141;none
D141A;none
D142;none
D143;none
D143A;none
D143B;none
D144;none
D144A;none
D144B;none
D145;none
D146;none
D147;none
D148;none
D149;none
D150;none
D150A;none
D151;none
D151A;none
D151B;none
D152;none
D153;none
D154;none
D154A;none
D155;none
D156;none
D157;none
D158;none
D159;none
D160;none
D161;none
D161A;none
D162;none
D163;none
D164;none
D165;none
D166;none
D167;none
D168;none
D179;none
D170;none
D170A;none
D171;none
D172;none
D173;none
D174;none
D175;none
D176;none
D176A;none
D177;none
D177A;none
D178;none
D178A;none
D178B;none
D178C;none
D178D;none
D179;none
D180;none
D181;none
D181A;none
D181B;none
D182;none
D182A;none
D183;none
D184;none
D185;none
D186;none
D187;none
D188;none
D189;none
D190;none
D191;none
D192;none
D193;none
D194;none
D195;none
D196;none
D197;none
D198;none
D199;none
D200;none
D201;none
D202;none
D203;none
D204;none
D205;none
D206;none
D207;none
D208;none
D209;none
D210;none
D211;none
D212;none
D212A;none
D213;none
D214;none
D215;none
D216;none
D217;none
D218;none
D219;none
D220;none
D221;none
D222;none
D223;none
D224;none
D225;none
D226;none
D227;none
D228;none
D229;none
D229A;none
D230;none
D231;none
D232;none
D233;none
D234;none
D235;none
D236;none
D236A;none
D237;none
D238;none
D239;none
D240;none
D241;none
D242;none
D243;none
D244;none
D245;none
D246;none
D247;none
D248;none
D249;none
D250;none
D251;none
D252;none
D253;none
D254;none
D255;none
D256;none
D257;none
D258;none
D259;none
D260;none
D261;none
D262;none
D263;none
D264;none
D265;none
D266;none
D267;none
D268;none
D269;none
D270;none
D271;none
D272;none
D273;none
D274;none
D275;none
D275A;none
D276;none
D277;none
D278;none
D279;none
D280;none
D281;none
D282;none
D283;none
D284;none
D285;none
D286;none
D287;none
D288;none
D289;none
D290;none
D291;none
D292;none
D293;none
D294;none
D295;none
D296;none
D297;none
D298;none
D299;none
D300;none
D301;none
D302;none
D303;none
D304;none
D305;none
D306;none
D307;none
D308;none
D309;none
D310;none
D311;none
D312;none
D313;none
D314;none
D315;none
D316;none
D317;none
D318;none
D319;none
D320;none
D321;none
D322;none
D322A;none
D322B;none
D323;none
D323A;none
D324;none
D325;none
D325A;none
D326;none
D326A;none
D326B;none
D327;none
D328;none
D329;none
D330;none
D331;none
D332;none
D333;none
D334;none
D334A;none
D335;none
D336;none
D336A;none
D337;none
D338;none
D339;none
D340;none
D341;none
D342;none
D343;none
D344;none
D345;none
D346;none
D347;none
D348;none
D349;none
D350;none
D351;none
D352;none
D353;none
D354;none
D355;none
D356;none
D356A;none
D356B;none
D357;none
D358;none
D359;none
D360;none
D361;none
D362;none
D363;none
D364;none
D365;none
D366;none
D367;none
D368;none
D369;none
D370;none
D371;none
D372;none
D373;none
D373A;none
D374;none
D375;none
D376;none
D377;none
D378;none
D379;none
D380;none
D381;none
D382;none
D383;none
D384;none
D385;none
D386;none
D387;none
D388;none
D389;none
D390;none
D391;none
D392;none
D393;none
D394;none
D395;none
D396;none
D397;none
D398;none
D399;none
D400;none
D402;none
D403;none
D404;none
D405;none
D406;none
D407;none
D408;none
D409;none
D410;none
D410A;none
D411;none
D412;none
D413;none
D414;none
D415;none
D416;none
D417;none
E1;u130d2
E1A;none
E1B;none
E1C;none
E1D;none
E2;u130d3
E3;u130d4
E4;u130d5
E5;u130d6
E5A;none
E5B;none
E6;u130d7
E6A;none
E6B;none
E6C;none
E7;u130d8
E8;u130d9
E8A;u130da
E8B;none
E9;u130db
E9A;u130dc
E9B;none
E9C;none
E10;u130dd
E11;u130de
E11A;none
E11B;none
E12;u130df
E13;u130e0
E13A;none
E14;u130e1
E14A;none
E14B;none
E14C;none
E15;u130e2
E15A;none
E15B;none
E15C;none
E16;u130e3
E16A;u130e4
E16B;none
E17;u130e5
E17A;u130e6
E18;u130e7
E19;u130e8
E20;u130e9
E20A;u130ea
E21;u130eb
E21A;none
E21B;none
E21C;none
E21D;none
E21E;none
E22;u130ec
E22A;none
E23;u130ed
E23A;none
E24;u130ee
E24A;none
E25;u130ef
E25A;none
E25B;none
E26;u130f0
E26A;none
E27;u130f1
E28;u130f2
E29;u130f4
E30;u130f5
E30A;none
E30B;none
E30C;none
E31;u130f6
E31A;none
E32;u130f7
E33;u130f8
E34;u130f9
E34A;u130fa
E34B;none
E35;none
E36;u130fb
E36A;none
E37;u130fc
E37A;none
E38;u130fd
E39;none
E40;none
E41;none
E42;none
E43;none
E44;none
E45;none
E46;none
E46A;none
E47;none
E48;none
E49;none
E50;none
E51;none
E51A;none
E52;none
E53;none
E54;none
E55;none
E56;none
E57;none
E58;none
E58A;none
E59;none
E60;none
E61;none
E62;none
E63;none
E63A;none
E64;none
E65;none
E66;none
E67;none
E68;none
E68A;none
E69;none
E70;none
E71;none
E72;none
E72A;none
E73;none
E73A;none
E73B;none
E73C;none
E74;none
E74A;none
E74B;none
E75;none
E76;none
E76A;none
E77;none
E78;none
E78A;none
E79;none
E80;none
E80A;none
E80B;none
E81;none
E82;none
E83;none
E84;none
E85;none
E86;none
E86A;none
E87;none
E88;none
E89;none
E90;none
E91;none
E92;none
E92A;none
E92B;none
E92C;none
E92D;none
E93;none
E94;none
E94A;none
E94B;none
E95;none
E96;none
E97;none
E98;none
E99;none
E100;none
E100A;none
E100B;none
E100C;none
E101;none
E101A;none
E102;none
E102A;none
E102B;none
E102C;none
E103;none
E103A;none
E104;none
E105;none
E106;none
E107;none
E108;none
E108A;none
E109;none
E110;none
E110A;none
E111;none
E112;none
E112A;none
E113;none
E114;none
E116;none
E117;none
E118;none
E119;none
E120;none
E120A;none
E121;none
E121A;none
E122;none
A123;none
E124;none
E124A;none
E125;none
E126;none
E127;none
E128;none
E129;none
E130;none
E131;none
E132;none
E132A;none
E133;none
E133A;none
E133B;none
E133C;none
E133D;none
E134;none
E134A;none
E135;none
E136;none
E137;none
E137A;none
E138;none
E139;none
E139A;none
E140;none
E141;none
E141A;none
E142;none
E143;none
E143A;none
E143B;none
E144;none
E145;none
E145A;none
E145B;none
E146;none
E147;none
E147A;none
E148;none
E148A;none
E148B;none
E148C;none
E148D;none
E148E;none
E148F;none
E148G;none
E148H;none
E148I;none
E148J;none
E148K;none
E148L;none
E148M;none
E148N;none
E149;none
E149A;none
E150;none
E150A;none
E150B;none
E150C;none
E150D;none
E150E;none
E151;none
E151A;none
E151B;none
E152;none
E153;none
E154;none
E154A;none
E155;none
E156;none
E157;none
E157A;none
E158;none
E159;none
E159A;none
E159B;none
E160;none
E161;none
E162;none
E163;none
E164;none
E164A;none
E165;none
E166;none
E167;none
E168;none
E169;none
E170;none
E171;none
E172;none
E173;none
E174;none
E174A;none
E174B;none
E174C;none
E174D;none
E174E;none
E174F;none
E175;none
E176;none
E177;none
E177A;none
E178;none
E179;none
E180;none
E180A;none
E181;none
E182;none
E183;none
E184;none
E185;none
E186;none
E187;none
E188;none
E189;none
E190;none
E191;none
E191A;none
E192;none
E193;none
E194;none
E195;none
E196;none
E197;none
E198;none
E199;none
E199A;none
E200;none
E200A;none
E201;none
E201A;none
E202;none
E202A;none
E202B;none
E202C;none
E203;none
E204;none
E205;none
E205A;none
E206;none
E206A;none
E207;none
E207A;none
E208;none
E209;none
E210;none
E211;none
E211A;none
E212;none
E213;none
E214;none
E214A;none
E214B;none
E214C;none
E215;none
E215A;none
E215B;none
E215C;none
E215D;none
E215E;none
E216;none
E216A;none
E216B;none
E216C;none
E216D;none
E216E;none
E216F;none
E216G;none
E216H;none
E216I;none
E216J;none
E216K;none
E216L;none
E217;none
E217A;none
E218;none
E218A;none
E218B;none
E218C;none
E219;none
E220;none
E221;none
E222;none
E223;none
E224;none
E225;none
E226;none
E227;none
E228;none
E229;none
E230;none
E231;none
E232;none
E233;none
E234;none
E235;none
E236;none
E237;none
E238;none
E239;none
E240;none
E240A;none
E240B;none
E240C;none
E241;none
E242;none
E243;none
E244;none
E245;none
E246;none
E247;none
E248;none
E249;none
E250;none
E251;none
E252;none
E253;none
E254;none
E254A;none
E255;none
E256;none
E257;none
E258;none
E259;none
E259A;none
E260;none
E261;none
E262;none
E263;none
E264;none
E265;none
E266;none
E267;none
E268;none
E269;none
E270;none
E271;none
E272;none
E273;none
E274;none
E275;none
E276;none
E277;none
E278;none
E279;none
E280;none
E281;none
E282;none
E283;none
E284;none
E285;none
E285A;none
E286;none
E287;none
E288;none
E290;none
E291;none
E292;none
E293;none
E294;none
E295;none
E296;none
E297;none
F1;u130fe
F1A;u130ff
F2;u13100
F2A;none
F2B;none
F3;u13101
F3A;none
F4;u13102
F4A;none
F5;u13103
F6;u13104
F7;u13105
F7A;none
F7B;none
F7C;none
F8;u13106
F8A;none
F8B;none
F9;u13107
F10;u13108
F11;u13109
F11A;none
F12;u1310a
F12A;none
F13;u1310b
F13A;u1310c
F14;u1310d
F14A;none
F15;u1310e
F16;u1310f
F16A;none
F16B;none
F17;u13110
F18;u13111
F18A;none
F18B;none
F19;u13112
F19A;none
F19B;none
F19C;none
F20;u13113
F20A;none
F20B;none
F21;u13114
F21A;u13115
F22;u13116
F23;u13117
F24;u13118
F25;u13119
F25A;none
F26;u1311a
F27;u1311b
F27A;none
F27B;none
F28;u1311c
F29;u1311d
F29A;none
F29B;none
F29C;none
F30;u1311e
F30A;none
F30B;none
F31;u1311f
F31A;u13120
F32;u13121
F33;u13122
F33B;none
F34;u13123
F35;u13124
F35A;none
F36;u13125
F36A;none
F36B;none
F36C;none
F37;u13126
F37A;u13127
F37B;none
F37C;none
F37D;none
F37E;none
F37F;none
F37G;none
F37H;none
F37I;none
F37J;none
F37K;none
F37L;none
F37M;none
F37N;none
F38;u13128
F38A;u13129
F38B;none
F39;u1312a
F39B;none
F40;u1312b
F40A;none
F40B;none
F40C;none
F40D;none
F40E;none
F41;u1312c
F41A;none
F41B;none
F41C;none
F42;u1312d
F42A;none
F42B;none
F43;u1312e
F44;u1312f
F45;u13130
F46;u13132
F46A;u13133
F46B;none
F46C;none
F47;u13134
F47A;u13135
F48;u13136
F49;u13137
F50;u13138
F50A;none
F51;u13139
F51A;u1313a
F51B;u1313b
F51C;u1313c
F51D;none
F51F;none
F52;u1313d
F53;u1313e
F54;none
F55;none
F56;none
F57;none
F58;none
F58A;none
F59;none
F59A;none
F60;none
F61;none
F62;none
F63;none
F63A;none
F64;none
F65;none
F66;none
F67;none
F67A;none
F67B;none
F67C;none
F67D;none
F67E;none
F68;none
F68A;none
F68B;none
F69;none
F70;none
F70A;none
F70B;none
F70C;none
F70D;none
F71;none
F72;none
F72A;none
F73;none
F73A;none
F74;none
F74A;none
F75;none
F75A;none
F76;none
F76A;none
F77;none
F77A;none
F78;none
F79;none
F80;none
F81;none
F82;none
F83;none
F84;none
F85;none
F86;none
F87;none
F88;none
F89;none
F90;none
F91;none
F92;none
F93;none
F93B;none
F94;none
F95;none
F96;none
F97;none
F97A;none
F97B;none
F98;none
F98A;none
F98B;none
F98C;none
F98D;none
F99;none
F100;none
F101;none
F102;none
F103;none
F104;none
F105;none
F106;none
F107;none
F107A;none
F108;none
F109;none
F110;none
F111;none
F112;none
F113;none
F114;none
F114A;none
F115;none
F116;none
F117;none
F118;none
F118A;none
F118B;none
F118C;none
F119;none
F120;none
F121;none
F122;none
F123;none
F124;none
F124A;none
F125;none
F126;none
F127;none
F128;none
F129;none
F130;none
F131;none
F131A;none
F131B;none
F132;none
F132A;none
F132B;none
F132C;none
F133;none
F134;none
F135;none
F135A;none
F136;none
F1367;none
F139;none
F140;none
F141;none
F142;none
F143;none
F143A;none
F143B;none
F143C;none
F144;none
F144A;none
F144B;none
F145;none
F16;u1310f
F17;u13110
F18;u13111
F18A;none
F149;none
F150;none
F151;none
F152;none
F153;none
F154;none
F155;none
F156;none
F156A;none
F157;none
F158;none
F158A;none
F159;none
F160;none
F161;none
F162;none
F163;none
F163A;none
F165;none
F165A;none
F166;none
F167;none
F168;none
F169;none
F170;none
F171;none
F172;none
F173;none
F174;none
F175;none
F176;none
F177;none
F178;none
F179;none
F180;none
F181;none
F182;none
F183;none
F184;none
F185;none
G1;u1313f
G1A;none
G2;u13140
G3;u13141
G3A;none
G3B;none
G4;u13142
G4A;none
G5;u13143
G6;u13144
G7;u13146
G7A;u13147
G7B;u13148
G7C;none
G7D;none
G7E;none
G8;u13149
G8A;none
G8B;none
G9;u1314a
G9A;none
G10;u1314b
G11;u1314c
G12;u1314e
G13;u1314f
G13A;none
G14;u13150
G14A;none
G15;u13151
G15A;none
G16;u13152
G16A;none
G16B;none
G17;u13153
G17A;none
G17B;none
G17C;none
G17D;none
G18;u13154
G19;u13155
G20;u13156
G20A;u13157
G20B;none
G21;u13158
G21A;none
G21B;none
G21C;none
G22;u13159
G22A;none
G23;u1315a
G23A;none
G24;u1315b
G24A;none
G24B;none
G25;u1315c
G25A;none
G26;u1315d
G26A;u1315e
G26B;none
G26C;none
G27;u1315f
G28;u13160
G28A;none
G29;u13161
G29A;none
G29B;none
G30;u13162
G30A;none
G31;u13163
G31A;none
G31B;none
G31C;none
G31D;none
G31E;none
G31F;none
G32;u13164
G33;u13165
G33A;none
G34;u13166
G34A;none
G35;u13167
G36;u13168
G37;u1316a
G38;u1316c
G39;u1316d
G39A;none
G40;u1316e
G40A;none
G41;u1316f
G41A;none
G42;u13170
G43;u13171
G43A;u13172
G44;u13173
G45;u13174
G46;u13176
G47;u13177
G47A;none
G47B;none
G48;u13178
G48A;none
G49;u13179
G49B;none
G49C;none
G49D;none
G49E;none
G50;u1317a
G51;u1317b
G51A;none
G52;u1317c
G53;u1317d
G53A;none
G53B;none
G53C;none
G54;u1317e
G54A;none
G56;none
G57;none
G58;none
G58A;none
G59;none
G60;none
G60A;none
G61;none
G62;none
G63;none
G64;none
G65;none
G66;none
G67;none
G68;none
G68A;none
G69;none
G70;none
G71;none
G72;none
G72A;none
G73;none
G74;none
G74A;none
G75;none
G75A;none
G76;none
G76A;none
G77;none
G78;none
G79;none
G80;none
G81;none
G81A;none
G82;none
G82A;none
G83;none
G84;none
G85;none
G86;none
G87;none
G87A;none
G88;none
G89;none
G90;none
G90A;none
G91;none
G92;none
G93;none
G94;none
G95;none
G96;none
G96A;none
G96B;none
G97;none
G98;none
G99;none
G100;none
G101;none
G102;none
G103;none
G104;none
G104A;none
G105;none
G106;none
G160A;none
G107;none
G108;none
G109;none
G109A;none
G110;none
G111;none
G111A;none
G112;none
G113;none
G114;none
G115;none
G115A;none
G116;none
G117;none
G118;none
G119;none
G120;none
G121;none
G121A;none
G122;none
G123;none
G124;none
G125;none
G125A;none
G126;none
G127;none
G127A;none
G127B;none
G127C;none
G127D;none
G127E;none
G127F;none
G128;none
G129;none
G129A;none
G128B;none
G129C;none
G129D;none
G130;none
G131;none
G131A;none
G131B;none
G132;none
G132A;none
G132B;none
G133;none
G134;none
G135;none
G136;none
G137;none
G138;none
G139;none
G139A;none
G140;none
G141;none
G142;none
G143;none
G144;none
G144A;none
G144B;none
G145;none
G146;none
G147;none
G148;none
G148A;none
G149;none
G150;none
G151;none
G152;none
G152A;none
G152B;none
G153;none
G153A;none
G154;none
G155;none
G156;none
G157;none
G158;none
G158A;none
G158B;none
G158C;none
G159;none
G160;none
G161;none
G161A;none
G162;none
G162A;none
G163;none
G163A;none
G164;none
G165;none
G166;none
G167;none
G168;none
G169;none
G170;none
G171;none
G172;none
G173;none
G174;none
G175;none
G176;none
G176A;none
G177;none
G177A;none
G177B;none
G178;none
G179;none
G179A;none
G180;none
G181;none
G182;none
G182A;none
G183;none
G183A;none
G184;none
G184A;none
G185;none
G185A;none
G186;none
G186A;none
G186B;none
G186C;none
G186D;none
G187;none
G188;none
G189;none
G190;none
G191;none
G191A;none
G191B;none
G192;none
G193;none
G194;none
G195;none
G195A;none
G196;none
G196A;none
G197;none
G198;none
G198A;none
G199;none
G199A;none
G200;none
G201;none
G202;none
G203;none
G204;none
G204A;none
G205;none
G206;none
G207;none
G208;none
G208A;none
G209;none
G210;none
G210A;none
G211;none
G211A;none
G212;none
A212A;none
G213;none
G213A;none
G213B;none
G214;none
G215;none
G216;none
G216A;none
G216B;none
G217;none
G217A;none
G217B;none
G218;none
G219;none
G220;none
G221;none
G222;none
G223;none
G224;none
G225;none
G225A;none
G226;none
G227;none
G228;none
G229;none
G230;none
G231;none
G232;none
G232A;none
G233;none
G234;none
G235;none
G236;none
G237;none
G237A;none
G238;none
G239;none
G240;none
G241;none
G242;none
G243;none
G244;none
G245;none
G246;none
G247;none
G248;none
G249;none
G250;none
G251;none
G252;none
G253;none
G254;none
G255;none
G256;none
G257;none
G258;none
G259;none
G260;none
G261;none
G262;none
G263;none
G264;none
G264A;none
G264B;none
G265;none
G266;none
G266A;none
G267;none
G268;none
G269;none
G270;none
G270A;none
G270B;none
G270C;none
G271;none
G272;none
G273;none
G274;none
G275;none
G276;none
G277;none
G278;none
G279;none
G280;none
G280A;none
G281;none
G282;none
G283;none
G284;none
G285;none
G286;none
G287;none
G288;none
G289;none
G290;none
G291;none
G292;none
G293;none
G293A;none
G294;none
G295;none
G296;none
G297;none
G298;none
G298A;none
G299;none
G300;none
G301;none
G302;none
G303;none
G304;none
G305;none
G306;none
G307;none
G308;none
G309;none
G310;none
G311;none
G312;none
G313;none
H1;u1317f
H2;u13180
H2A;none
H3;u13181
H4;u13182
H5;u13183
H5A;none
H5B;none
H6;u13184
H6A;u13185
H6B;none
H6C;none
H7;u13186
H7A;none
H8;u13187
H10;none
H11;none
H11A;none
H12;none
H13;none
H14;none
H14A;none
H15;none
H15A;none
H16;none
H16A;none
H17;none
H18;none
H18A;none
H19;none
H19A;none
H20;none
H21;none
H22;none
H23;none
H24;none
H25;none
H26;none
H27;none
H27A;none
H28;none
H29;none
H30;none
H31;none
H32;none
H33;none
H34;none
H35;none
H36;none
H37;none
H38;none
H39;none
H40;none
H41;none
H42;none
H43;none
H44;none
H45;none
H46;none
H47;none
I1;u13188
I2;u13189
I3;u1318a
I3A;none
I3B;none
I3C;none
I3D;none
I3E;none
I3F;none
I3G;none
I3H;none
I3I;none
I3J;none
I3K;none
I3L;none
I3M;none
I4;u1318b
I4A;none
I5;u1318c
I5A;u1318d
I5B;none
I6;u1318e
I6A;none
I6B;none
I6C;none
I6D;none
I7;u1318f
I8;u13190
I8A;none
I9;u13191
I9A;u13192
I9B;none
I9C;none
I10;u13193
I10A;u13194
I10B;none
I11;u13195
I12;u13197
I13;u13198
I13A;none
I14;u13199
I14A;none
I14B;none
I14C;none
I14D;none
I15;u1319a
I15A;none
I15B;none
I15C;none
I15D;none
I15E;none
I15F;none
I17;none
I18;none
I18A;none
I18B;none
I18C;none
I19;none
I19A;none
I20;none
I21;none
I22;none
I23;none
I24;none
I24A;none
I24B;none
I25;none
I25A;none
I25B;none
I25C;none
I26;none
I27;none
I28;none
I29;none
I30;none
I31;none
I31A;none
I31B;none
I31C;none
I32;none
I32A;none
I32B;none
I33;none
I34;none
I35;none
I36;none
I37;none
I38;none
I39;none
I40;none
I40A;none
I40B;none
I40C;none
I40D;none
I40E;none
I40F;none
I40G;none
I41;none
I41A;none
I42;none
I43;none
I44;none
I45;none
I46;none
I47;none
I47A;none
I48;none
I49;none
I50;none
I50A;none
I51;none
I52;none
I52A;none
I53;none
I53A;none
I54;none
I55;none
I56;none
I57;none
I58;none
I59;none
I59A;none
I60;none
I61;none
I62;none
I63;none
I64;none
I65;none
I66;none
I67;none
I68;none
I69;none
I70;none
I70A;none
I70B;none
I70C;none
I70D;none
I71;none
I71A;none
I72;none
I73;none
I74;none
I75;none
I76;none
I77;none
I78;none
I78A;none
I79;none
I79A;none
I80;none
I80A;none
I81;none
I82;none
I83;none
I84;none
I85;none
I86;none
I86A;none
I86B;none
I86C;none
I86D;none
I86E;none
I86F;none
I86G;none
I86H;none
I87;none
I88;none
I89;none
I90;none
I91;none
I92;none
I93;none
I93A;none
I94;none
I95;none
I96;none
I97;none
I98;none
I99;none
I100;none
I101;none
I102;none
I103;none
I104;none
I105;none
I106;none
I106A;none
I107;none
I107A;none
I108;none
I109;none
I110;none
I111;none
I112;none
I113;none
I114;none
I114A;none
I115;none
I116;none
I117;none
I118;none
I119;none
I120;none
I121;none
I122;none
I123;none
I124;none
I125;none
I126;none
I127;none
I128;none
I129;none
I130;none
I131;none
I132;none
I133;none
I134;none
I135;none
I136;none
I137;none
I138;none
K1;u1319b
K2;u1319c
K3;u1319d
K4;u1319e
K4A;none
K4B;none
K5;u1319f
K6;u131a0
K6A;none
K7;u131a1
K8;u131a2
K9;none
K10;none
K11;none
K12;none
K13;none
K14;none
K15;none
K16;none
K17;none
K18;none
K18A;none
K18B;none
K19;none
K20;none
K21;none
K22;none
K23;none
K23A;none
K24;none
K25;none
K26;none
K27;none
K27A;none
L1;u131a3
L2;u131a4
L3;u131a6
L3A;none
L4;u131a7
L5;u131a8
L6;u131a9
L7;u131ab
L9;none
L10;none
L11;none
L12;none
L12A;none
L13;none
L14;none
L15;none
L16;none
L17;none
L18;none
L19;none
L20;none
L21;none
L22;none
L22A;none
L23;none
L24;none
L25;none
L26;none
L27;none
L28;none
L29;none
L30;none
L31;none
L32;none
L33;none
L34;none
P1;u1329b
P1A;u1329c
P1B;none
P1C;none
P2;u1329d
P2A;none
P2B;none
P2C;none
P2D;none
P2E;none
P2F;none
P2G;none
P2H;none
P2I;none
P2J;none
P2K;none
P3;u1329e
P3A;u1329f
P4;u132a0
P4A;none
P4B;none
P4C;none
P4D;none
P4E;none
P5;u132a1
P5A;none
P5B;none
P5C;none
P5D;none
P5E;none
P5F;none
P5G;none
P5H;none
P5I;none
P5J;none
P5K;none
P5L;none
P5M;none
P5N;none
P5O;none
P5P;none
P5Q;none
P5R;none
P5S;none
P5T;none
P5U;none
P6;u132a2
P6A;none
P6B;none
P7;u132a3
P7A;none
P7B;none
P8;u132a4
P8A;none
P8h;none
P9;u132a5
P10;u132a6
P10A;none
P10B;none
P11;u132a7
P11A;none
P11B;none
P11C;none
P13;none
P14;none
P15;none
P15A;none
P16;none
P16A;none
P17;none
P18;none
P18A;none
P19;none
P20;none
P21;none
P22;none
P22A;none
P23;none
P23A;none
P24;none
P25;none
P26;none
P27;none
P27A;none
P28;none
P29;none
P30;none
P30A;none
P31;none
P32;none
P33;none
P34;none
P35;none
P35A;none
P35B;none
P36;none
P36A;none
P36B;none
P37;none
P38;none
P39;none
P39A;none
P40;none
P41;none
P41A;none
P42;none
P43;none
P44;none
P44A;none
P44B;none
P44C;none
P44D;none
P45;none
P46;none
P47;none
P47A;none
P48;none
P49;none
P50;none
P51;none
P52;none
P53;none
P53A;none
P53B;none
P54;none
P55;none
P56;none
P56A;none
P57;none
P58;none
P59;none
P59A;none
P59B;none
P59C;none
P60;none
P60A;none
P60B;none
P60C;none
P61;none
P61A;none
P61B;none
P62;none
P63;none
P64;none
P64A;none
P65;none
P65A;none
P66;none
P66A;none
P66B;none
P67;none
P68;none
P69;none
P70;none
P71;none
P71A;none
P71B;none
P72;none
P73;none
P74;none
P75;none
P76;none
P76A;none
P77;none
P78;none
P79;none
P80;none
P81;none
P82;none
P83;none
P84;none
P85;none
P86;none
P87;none
P88;none
P89;none
P90;none
P91;none
P92;none
P93;none
PP94;none
P95;none
P96;none
P97;none
P97A;none
P97B;none
P97C;none
P98;none
P99;none
P100;none
P101;none
P102;none
P103;none
P104;none
P104A;none
P105;none
P106;none
P107;none
P108;none
P109;none
P110;none
P111;none
P112;none
P113;none
P114;none
P115;none
P115A;none
P116;none
P117;none
P118;none
P119;none
P120;none
P121;none
M1;u131ad
M1A;u131ae
M1B;u131af
M1C;none
M1D;none
M2;u131b0
M2A;none
M2B;none
M3;u131b1
M3A;u131b2
M3B;none
M3C;none
M3D;none
M3E;none
M3F;none
M4;u131b3
M4A;none
M4B;none
M5;u131b4
M5A;none
M5B;none
M6;u131b5
M7;u131b6
M7A;none
M7B;none
M8;u131b7
M8A;none
M8B;none
M8C;none
M8D;none
M8E;none
M8F;none
M8G;none
M8H;none
M8I;none
M8J;none
M8K;none
M8L;none
M9;u131b8
M9A;none
M9B;none
M10;u131b9
M11;u131bb
M11A;none
M11B;none
M11C;none
M11D;none
M12;u131bc
M12A;u131bd
M12B;u131be
M13;u131c5
M13A;none
M13B;none
M14;u131c6
M14A;none
M15;u131c7
M15A;u131c8
M15B;none
M15C;none
M16;u131c9
M16A;u131ca
M16B;none
M17;u131cb
M17A;u131cc
M18;u131cd
M19;u131ce
M20;u131cf
M20A;none
M20B;none
M21;u131d0
M22;u131d1
M22A;u131d2
M23;u131d3
M23A;none
M24;u131d4
M24A;u131d5
M25;u131d6
M26;u131d7
M26A;none
M27;u131d8
M28;u131d9
M29;u131db
M30;u131dc
M31;u131dd
M31A;u131de
M31B;none
M31C;none
M32;u131df
M32A;none
M33;u131e0
M33A;u131e1
M33B;u131e2
M34;u131e3
M34A;none
M35;u131e4
M36;u131e5
M36B;none
M37;u131e6
M37A;none
M37B;none
M37C;none
M38;u131e7
M38A;none
M38B;none
M39;u131e8
M39A;none
M39B;none
M39C;none
M39D;none
M40;u131e9
M40A;u131ea
M40B;none
M40C;none
M41;u131eb
M42;u131ec
M43;u131ed
M43A;none
M43B;none
M44;u131ee
M46;none
M46A;none
M46B;none
M47;none
M48;none
M50;none
M50A;none
M51;none
M52;none
M53;none
M54;none
M54A;none
M55;none
M56;none
M57;none
M58;none
M58A;none
M59;none
M60;none
M61;none
M62;none
M64;none
M64A;none
M65;none
M66;none
M67;none
M68;none
M69;none
M69A;none
M70;none
M71;none
M71A;none
M72;none
M72A;none
M73;none
M74;none
M75;none
M76;none
M76A;none
M77;none
M77A;none
M77B;none
M78;none
M79;none
M80;none
M81;none
M82;none
M83;none
M84;none
M85;none
M86;none
M86A;none
M86B;none
M86C;none
M87;none
M88;none
M89;none
M90;none
M90A;none
M91;none
M92;none
M93;none
M94;none
M95;none
M96;none
M97;none
M98;none
M98A;none
M98B;none
M98C;none
M99;none
M100;none
M100A;none
M101;none
M102;none
M103;none
M104;none
M105;none
M106;none
M106A;none
M107;none
M108;none
M109;none
M110;none
M111;none
M111A;none
M111B;none
M112;none
M113;none
M114;none
M115;none
M116;none
M117;none
M118;none
M119;none
M120;none
M121;none
M122;none
M123;none
M124;none
M125;none
M126;none
M127;none
M128;none
M129;none
M130;none
M131;none
M131A;none
M132;none
M133;none
M134;none
M135;none
M136;none
M137;none
M138;none
M138A;none
M138B;none
M139;none
M139A;none
M139B;none
M139C;none
M140;none
M140A;none
M140B;none
M141;none
M142;none
M143;none
M144;none
M145;none
M146;none
M147;none
M148;none
M149;none
M150;none
M151;none
M152;none
M153;none
M154;none
M155;none
M156;none
M157;none
M158;none
M159;none
M160;none
M161;none
M162;none
M163;none
M164;none
M165;none
M165A;none
M166;none
M167;none
M168;none
M169;none
M170;none
M171;none
M171A;none
M172;none
M173;none
M174;none
M174A;none
M175;none
M176;none
M177;none
M177A;none
M178;none
M179;none
M180;none
M181;none
M182;none
M183;none
M184;none
N185;none
N185A;none
M186;none
M187;none
M188;none
M189;none
M190;none
M191;none
M192;none
M193;none
M194;none
M195;none
M196;none
M197;none
M198;none
M199;none
M200;none
M201;none
M202;none
M203;none
M204;none
M205;none
M206;none
M207;none
M208;none
M209;none
M210;none
M211;none
M212;none
M213;none
M214;none
M215;none
M216;none
M217;none
M218;none
M219;none
M220;none
M221;none
M222;none
M223;none
M224;none
M224A;none
M225;none
M226;none
M227;none
M228;none
M228A;none
M229;none
M230;none
M231;none
M232;none
M233;none
M234;none
M235;none
M236;none
M237;none
M238;none
M239;none
M240;none
M240A;none
M241;none
M241A;none
M242;none
M243;none
M244;none
M245;none
M246;none
M247;none
N1;u131ef
N2;u131f0
N3;u131f1
N3A;none
N3B;none
N3C;none
N4;u131f2
N4A;none
N4B;none
N4C;none
N4D;none
N4E;none
N4F;none
N4G;none
N4H;none
N5;u131f3
N6;u131f4
N6A;none
N6B;none
N6C;none
N6D;none
N7;u131f5
N8;u131f6
N8A;none
N8B;none
N8C;none
N8D;none
N9;u131f7
N9A;none
N10;u131f8
N10A;none
N11;u131f9
N12;u131fa
N13;u131fb
N14;u131fc
N15;u131fd
N16;u131fe
N16A;none
N16B;none
N16C;none
N17;u131ff
N18;u13200
N18A;u13201
N19;u13203
N20;u13204
N21;u13205
N21A;none
N21B;none
N22;u13206
N23;u13207
N24;u13208
N24A;none
N24B;none
N24C;none
N24D;none
N24E;none
N24F;none
N24G;none
N24H;none
N25;u13209
N26;u1320b
N27;u1320c
N27A;none
N28;u1320d
N28A;none
N28B;none
N28C;none
N28D;none
N29;u1320e
N30;u1320f
N30A;none
N31;u13210
N31A;none
N31B;none
N31C;none
N31D;none
N31E;none
N31F;none
N31G;none
N31H;none
N31I;none
N32;u13211
N33;u13212
N33A;u13213
N33Av;none
N34;u13214
N34A;u13215
N35;u13216
N35A;u13217
N35B;none
N35C;none
N36;u13218
N36A;none
N36B;none
N36C;none
N36D;none
N36E;none
N37;u13219
N37A;u1321a
N38;u1321b
N39;u1321c
N40;u1321d
N40A;none
N41;u1321e
N42;u1321f
N44;none
N45;none
N46;none
N46A;none
N46B;none
N47;none
N48;none
N49;none
N50;none
N51;none
N51A;none
N52;none
N53;none
N53A;none
N54;none
N55;none
N55A;none
N55B;none
N56;none
N57;none
N58;none
N58A;none
N58B;none
N58C;none
N59;none
N59A;none
N60;none
N60A;none
N60B;none
N61;none
N62;none
N62A;none
N62B;none
N63;none
N64;none
N65;none
N66;none
N67;none
N67A;none
N67B;none
N68;none
N69;none
N70;none
N70A;none
N71;none
N72;none
N73;none
N73A;none
N74;none
N75;none
N76;none
N76A;none
N77;none
N78;none
N79;none
N80;none
N81;none
N82;none
N83;none
N84;none
N85;none
N86;none
N87;none
N88;none
N89;none
N90;none
N91;none
N92;none
N93;none
N94;none
N95;none
N96;none
N97;none
N97A;none
N97B;none
N97C;none
N98;none
N99;none
N100;none
N101;none
N102;none
N102A;none
N102B;none
N103;none
N103A;none
N104;none
N104A;none
N105;none
N106;none
N107;none
N108;none
N109;none
N110;none
N111;none
N112;none
N112A;none
N113;none
N113A;none
N113B;none
N113C;none
N114;none
N114A;none
N115;none
N116;none
N117;none
N118;none
N118A;none
N119;none
N120;none
N121;none
N122;none
N123;none
N124;none
N124A;none
N125;none
N126;none
N127;none
N128;none
N129;none
N130;none
N131;none
N132;none
N132A;none
N132B;none
N133;none
N133A;none
N133B;none
N134;none
N135;none
N136;none
N137;none
N138;none
N139;none
N140;none
N141;none
N142;none
N143;none
N144;none
N144A;none
N145;none
O1;u13250
O1B;none
O2;u13252
O2A;none
O3;u13253
O3A;none
O4;u13254
O4A;none
O4B;none
O5;u13255
O5u;none
O6;u13257
O6A;u13258
O6B;u13259
O6C;u1325a
O6D;u1325b
O7;u1325e
O8;u1325f
O9;u13260
O9A;none
O9B;none
O9C;none
O9D;none
O9E;none
O9F;none
O10;u13261
O11;u13265
O11A;none
O12;u13266
O13;u13267
O13A;none
O13B;none
O13C;none
O13D;none
O14;u13268
O14A;none
O14B;none
O14C;none
O15;u13269
O16;u1326a
O16A;none
O16B;none
O16C;none
O17;u1326b
O18;u1326c
O18A;none
O18B;none
O18C;none
O18D;none
O18E;none
O19;u1326d
O19A;u1326e
O19B;none
O19C;none
O20;u1326f
O20A;u13270
O20B;none
O21;u13271
O21A;none
O21B;none
O21C;none
O21D;none
O22;u13272
O22A;none
O22B;none
O22C;none
O22D;none
O23;u13273
O23A;none
O23B;none
O23C;none
O23D;none
O23E;none
O23F;none
O23G;none
O23H;none
O23I;none
O23J;none
O23K;none
O23L;none
O23M;none
O23N;none
O23O;none
O23P;none
O23Q;none
O23R;none
O23S;none
O23T;none
O24;u13274
O24A;u13275
O25;u13276
O26;u13278
O26A;none
O27;u13279
O28;u1327a
O28A;none
O28B;none
O29;u1327b
O29v;none
O30;u1327d
O30u;none
O31;u1327f
O32;u13280
O32A;none
O32B;none
O32C;none
O32D;none
O33;u13281
O33A;u13282
O33B;none
O33C;none
O34;u13283
O35;u13284
O35A;none
O36;u13285
O36A;u13286
O36B;u13287
O36C;u13288
O36D;u13289
O36E;none
O36h;none
O37;u1328a
O37A;none
O38;u1328b
O38A;none
O38B;none
O39;u1328c
O40;u1328d
O40A;none
O41;u1328e
O42;u1328f
O42A;none
O42B;none
O42C;none
O42D;none
O42E;none
O42F;none
O42G;none
O42H;none
O42I;none
O42J;none
O42K;none
O42L;none
O43;u13290
O43A;none
O43B;none
O44;u13291
O44A;none
O44B;none
O44C;none
O44D;none
O45;u13292
O46;u13293
O46B;none
O47;u13294
O48;u13295
O48A;none
O48B;none
O49;u13296
O49A;none
O50;u13297
O51;u1329a
O51A;none
O51B;none
O51C;none
O53;none
O54;none
O55;none
O56;none
O57;none
O57A;none
O58;none
O59;none
O60;none
O60A;none
O61;none
O62;none
O63;none
O64;none
O65;none
O65A;none
O66;none
O67;none
O68;none
O69;none
O70;none
O71;none
O71A;none
O72;none
O73;none
O74;none
O75;none
O76;none
O77;none
O78;none
O79;none
O80;none
O81;none
O82;none
O82A;none
O82B;none
O83;none
O84;none
O85;none
O85A;none
O85B;none
O86;none
O87;none
O88;none
O88A;none
O89;none
O90;none
O90A;none
O90B;none
O91;none
O92;none
O93;none
O94;none
O95;none
O96;none
O96A;none
O97;none
O98;none
O98A;none
O99;none
O100;none
O101;none
O102;none
O103;none
O104;none
O105;none
O106;none
O106A;none
O106B;none
O107;none
O107A;none
O107B;none
O107C;none
O108;none
O109;none
O110;none
O111;none
O111A;none
O112;none
O112A;none
O113;none
O114;none
O115;none
O116;none
O117;none
O118;none
O119;none
O120;none
O121;none
O121A;none
O121B;none
O122;none
O122A;none
O122B;none
O123;none
O124;none
O124A;none
O124B;none
O124C;none
O125;none
O126;none
O127;none
O128;none
O129;none
O129A;none
O130;none
O130A;none
O131;none
O131A;none
O132;none
O133;none
O134;none
O135;none
O136;none
O137;none
O138;none
O139;none
O140;none
O141;none
O142;none
O143;none
O144;none
O145;none
O145A;none
O145B;none
O146;none
O147;none
O148;none
O149;none
O150;none
O151;none
O152;none
O153;none
O153A;none
O153B;none
O153C;none
O154;none
O155;none
O156;none
O157;none
O158;none
O159;none
O160;none
O160A;none
O161;none
O161A;none
O162;none
O163;none
O164;none
O164A;none
O165;none
O166;none
O167;none
O167A;none
O167B;none
O168;none
O169;none
O169A;none
O170;none
O171;none
O172;none
O173;none
O174;none
O175;none
O175A;none
O175B;none
O176;none
O177;none
O178;none
O179;none
O180;none
O181;none
O181A;none
O182;none
O183;none
O184;none
O185;none
O186;none
O187;none
O188;none
O189;none
O189A;none
O190;none
O191;none
O191A;none
O192;none
O193;none
O194;none
O195;none
O195A;none
O196;none
O196A;none
O197;none
O198;none
O199;none
O200;none
O201;none
O202;none
O203;none
O204;none
O205;none
O206;none
O207;none
O208;none
O209;none
O210;none
O210A;none
O211;none
O211A;none
O212;none
O213;none
O214;none
O215;none
O216;none
O216A;none
O216B;none
O217;none
O217A;none
O218;none
O219;none
O220;none
O221;none
O221A;none
O222;none
O223;none
O223A;none
O224;none
O225;none
O226;none
O227;none
O228;none
O229;none
O229A;none
O230;none
O231;none
O232;none
O233;none
O233A;none
O234;none
O235;none
O236;none
O237;none
O238;none
O239;none
O240;none
O241;none
O242;none
O243;none
O245;none
O246;none
O247;none
O247A;none
O247B;none
O248;none
O249;none
O250;none
O251;none
O252;none
O253;none
O254;none
O255;none
O256;none
O257;none
O257A;none
O258;none
O259;none
O260;none
O260A;none
O260B;none
O261;none
O261A;none
O262;none
O263;none
O264;none
O265;none
O266;none
O267;none
O268;none
O268A;none
O269;none
O270;none
O271;none
O272;none
O273;none
O274;none
O275;none
O275A;none
O275B;none
O276;none
O277;none
O278;none
O279;none
O280;none
O281;none
O282;none
O283;none
O284;none
O285;none
O285A;none
O285B;none
O285C;none
O286;none
O287;none
O288;none
O289;none
O290;none
O291;none
O292;none
O293;none
O294;none
O295;none
O296;none
O297;none
O297A;none
O298;none
O299;none
O300;none
O301;none
O302;none
O303;none
O304;none
O305;none
O306;none
O307;none
O309;none
O310;none
O311;none
O312;none
O313;none
O314;none
O315;none
O316;none
O317;none
O318;none
O319;none
O320;none
O320A;none
O321;none
O323;none
O324;none
O325;none
O326;none
O327;none
O328;none
O329;none
O329A;none
O329B;none
O330;none
O331;none
O332;none
O333;none
O334;none
O335;none
O336;none
O337;none
O338;none
O339;none
O340;none
O341;none
O342;none
O343;none
O344;none
O345;none
O346;none
O347;none
O348;none
O349;none
O350;none
O352;none
O353;none
O354;none
O355;none
Q1;u132a8
Q1A;none
Q1B;none
Q2;u132a9
Q2A;none
Q2B;none
Q2C;none
Q3;u132aa
Q4;u132ab
Q4A;none
Q5;u132ac
Q6;u132ad
Q6A;none
Q6B;none
Q6C;none
Q6D;none
Q6E;none
Q6F;none
Q6G;none
Q6H;none
Q6I;none
Q7;u132ae
Q7A;none
Q7B;none
Q7C;none
Q7D;none
Q7E;none
Q7F;none
Q7G;none
Q7H;none
Q9;none
Q10;none
Q11;none
Q12;none
Q12A;none
Q12B;none
Q13;none
Q14;none
Q15;none
Q16;none
Q17;none
Q18;none
Q18A;none
Q19;none
Q20;none
Q21;none
Q22;none
Q23;none
Q24;none
Q24A;none
Q25;none
Q26;none
Q27;none
Q28;none
Q28A;none
Q29;none
Q29A;none
Q30;none
Q31;none
Q32;none
Q33;none
Q34;none
Q35;none
Q36;none
Q36A;none
Q37;none
Q38;none
Q39;none
Q40;none
Q41;none
Q42;none
Q43;none
Q44;none
Q45;none
Q46;none
Q47;none
R1;u132af
R1A;none
R1B;none
R1C;none
R1D;none
R1E;none
R1F;none
R1G;none
R1H;none
R1I;none
R2;u132b0
R2A;u132b1
R2B;none
R3;u132b2
R3A;u132b3
R3AA;none
R3AB;none
R3AC;none
R3B;u132b4
R3C;none
R3D;none
R3E;none
R3F;none
R3G;none
R3H;none
R3I;none
R3J;none
R3K;none
R3L;none
R3M;none
R3N;none
R3O;none
R3P;none
R3Q;none
R3R;none
R3S;none
R3T;none
R3U;none
R3V;none
R3W;none
R3X;none
R3Y;none
R3Z;none
R4;u132b5
R5;u132b6
R6;u132b7
R7;u132b8
R7A;none
R7B;none
R7C;none
R7E;none
R7F;none
R7G;none
R8;u132b9
R8A;none
R9;u132ba
R10;u132bb
R10A;u132bc
R10B;none
R10C;none
R10D;none
R10F;none
R10G;none
R10H;none
R11;u132bd
R12;u132be
R12A;none
R12O;none
R13;u132bf
R13A;none
R14;u132c0
R14A;none
R14B;none
R15;u132c1
R15A;none
R15B;none
R16;u132c2
R16A;u132c3
R16B;none
R17;u132c4
R17A;none
R17B;none
R17C;none
R17D;none
R18;u132c5
R18A;none
R18B;none
R18C;none
R18D;none
R18E;none
R18F;none
R18G;none
R19;u132c6
R19A;none
R20;u132c7
R20A;none
R21;u132c8
R22;u132c9
R23;u132ca
R23A;none
R23B;none
R24;u132cb
R24v;none
R25;u132cc
R26;u132cd
R26A;none
R26B;none
R27;u132ce
R28;u132cf
R29;u132d0
R30;none
R31;none
R31A;none
R32;none
R33;none
R34;none
R35;none
R36;none
R36A;none
R36B;none
R36C;none
R37;none
R38;none
R38A;none
R39;none
R40;none
R40A;none
R41;none
R42;none
R42A;none
R42B;none
R42C;none
R43;none
R44;none
R45;none
R46;none
R47;none
R48;none
R49;none
R50;none
R51;none
R52;none
R53;none
R54;none
R55;none
R56;none
R57;none
R58;none
R59;none
R60;none
R60A;none
R61;none
R61A;none
R62;none
R62A;none
R63;none
R63A;none
R64;none
R65;none
R65A;none
R66;none
R66A;none
R67;none
R67A;none
R68;none
R69;none
R70;none
R71;none
R72;none
R72A;none
R73;none
A74;none
R75;none
R76;none
R77;none
R78;none
R79;none
R80;none
R81;none
R82;none
R82A;none
R83;none
R84;none
R85;none
R86;none
R87;none
R88;none
R88A;none
R89;none
R91;none
R92;none
R92A;none
R93;none
R94;none
R95;none
R96;none
R97;none
R98;none
R99;none
R100;none
R101;none
R102;none
R103;none
R104;none
R105;none
R106;none
R107;none
R107A;none
R108;none
R109;none
R110;none
R111;none
R112;none
R113;none
R114;none
R115;none
R116;none
R117;none
R118;none
R119;none
R121;none
R122;none
R123;none
R124;none
R125;none
R126;none
R127;none
R127A;none
R128;none
R129;none
R130;none
R131;none
R132;none
S1;u132d1
S1A;none
S2;u132d2
S2A;u132d3
S3;u132d4
S4;u132d5
S5;u132d6
S6;u132d7
S7;u132d9
S8;u132da
S8A;none
S9;u132db
S9A;none
S10;u132dc
S10A;none
S10B;none
S11;u132dd
S11A;none
S11B;none
S11C;none
S11D;none
S12;u132de
S12A;none
S13;u132df
S13A;none
S14;u132e0
S14A;u132e1
S14B;u132e2
S14C;none
S15;u132e3
S15A;none
S15B;none
S16;u132e4
S17;u132e5
S17A;u132e6
S17B;none
S18;u132e7
S18A;none
S18B;none
S19;u132e8
S20;u132e9
S20A;none
S21;u132ea
S21;u132ea
S21A;none
S22;u132eb
S22A;none
S23;u132ec
S24;u132ed
S25;u132ee
S26;u132ef
S27;u132f2
S27A;none
S28;u132f3
S28A;none
S29;u132f4
S29A;none
S29B;none
S30;u132f5
S30A;none
S31;u132f6
S32;u132f7
S32A;none
S33;u132f8
S34;u132f9
S34A;none
S35;u132fa
S36;u132fc
S36A;none
S36B;none
S36C;none
S36D;none
S37;u132fd
S37A;none
S37B;none
S37C;none
S37D;none
S38;u132fe
S38A;none
S39;u132ff
S40;u13300
S41;u13301
S42;u13302
S42A;none
S43;u13303
S43A;none
S43B;none
S43C;none
S43D;none
S44;u13304
S44A;none
S45;u13305
S46;u13306
S47;none
S47A;none
S47B;none
S47C;none
S48;none
S49;none
S49A;none
S50;none
S51;none
S51A;none
S52;none
S53;none
S53A;none
S54;none
S55;none
S56;none
S56A;none
S57;none
S57A;none
S57B;none
S57C;none
S58;none
S59;none
S60;none
S60A;none
S61;none
S61A;none
S61B;none
S61C;none
S62;none
S63;none
S63A;none
S64;none
S65;none
S65A;none
S66;none
S67;none
S68;none
S69;none
S70;none
S70A;none
S71;none
S72;none
S72A;none
S73;none
S74;none
S75;none
S75A;none
S76;none
S77;none
S78;none
S78A;none
S78B;none
S79;none
S79A;none
S80;none
S80A;none
S82;none
S83;none
S84;none
S85;none
S86;none
S87;none
S88;none
S89;none
S90;none
S91;none
S91A;none
S92;none
S93;none
S94;none
S95;none
S96;none
S97;none
S98;none
S99;none
S100;none
S100A;none
S101;none
S101A;none
S102;none
S103;none
S103A;none
S104;none
S105;none
S106;none
S107;none
S108;none
S109;none
S109A;none
S110;none
S111;none
S112;none
S113;none
S113A;none
S114;none
S115;none
S116;none
S117;none
S118;none
S119;none
S120;none
S120A;none
S121;none
S122;none
S122A;none
S123;none
S123A;none
S124;none
S124A;none
S124B;none
S124C;none
S124D;none
S124E;none
S125;none
S126;none
S127;none
S128;none
S129;none
S130;none
S131;none
S132;none
S133;none
S134;none
S134A;none
S134B;none
S135;none
S136;none
S137;none
S138;none
S139;none
S140;none
S141;none
S142;none
S143;none
S144;none
S145;none
S145A;none
S146;none
S147;none
S148;none
S149;none
S150;none
S151;none
S152;none
S152A;none
S152B;none
S153;none
S154;none
S155;none
S156;none
S157;none
S158;none
S159;none
S160;none
S161;none
S162;none
S163;none
S164;none
S165;none
S166;none
S167;none
S168;none
S169;none
S170;none
S171;none
S172;none
S173;none
S174;none
S175;none
S176;none
S178;none
S179;none
S180;none
S181;none
S182;none
S183;none
S184;none
S185;none
S186;none
S187;none
S188;none
S188A;none
S188B;none
S188C;none
S189;none
S190;none
S191;none
S192;none
S193;none
S194;none
S194A;none
S195;none
S196;none
S197;none
S198;none
S199;none
S199A;none
S200;none
S201;none
S202;none
S203;none
S204;none
S205;none
S206;none
T1;u13307
T1A;none
T2;u13308
T3;u13309
T3A;u1330a
T3B;none
T3C;none
T3D;none
T3E;none
T3F;none
T4;u1330b
T5;u1330c
T5A;none
T6;u1330d
T7;u1330e
T7A;u1330f
T7B;none
T7C;none
T8;u13310
T8A;u13311
T9;u13312
T9A;u13313
T9B;none
T9C;none
T9D;none
T10;u13314
T11;u13315
T11A;u13316
T11B;none
T11C;none
T12;u13317
T12A;none
T12B;none
T13;u13318
T13A;none
T14;u13319
T14A;none
T14B;none
T15;u1331a
T16;u1331b
T16A;u1331c
T17;u1331d
T18;u1331e
T18A;none
T19;u1331f
T19A;none
T19B;none
T19C;none
T20;u13320
T21;u13321
T21A;none
T21B;none
T21C;none
T21D;none
T21E;none
T21v;none
T22;u13322
T22A;none
T22B;none
T22C;none
T22D;none
T22h;none
T23;u13323
T24;u13324
T24A;none
T24B;none
T24C;none
T24D;none
T25;u13325
T25A;none
T25B;none
T25C;none
T25D;none
T25E;none
T26;u13326
T26A;none
T26B;none
T26C;none
T26D;none
T26E;none
T26F;none
T26G;none
T26H;none
T27;u13327
T28;u13328
T28A;none
T29;u13329
T29A;none
T29B;none
T29C;none
T30;u1332a
T30A;none
T30B;none
T31;u1332b
T31A;none
T32;u1332c
T32A;u1332d
T32B;none
T33;u1332e
T33A;u1332f
T34;u13330
T35;u13331
T36;u13332
T37;none
T38;none
T39;none
T40;none
T41;none
T42;none
T43;none
T44;none
T45;none
T46;none
T47;none
T49;none
T50;none
T51;none
T52;none
T53;none
T54;none
T55;none
T56;none
T57;none
T58;none
T58A;none
T58B;none
T59;none
T60;none
T60A;none
T61;none
T62;none
T63;none
T63A;none
T63B;none
T63C;none
T64;none
T64A;none
T64B;none
T65;none
T66;none
T67;none
T67A;none
T67B;none
T68;none
T69;none
T70;none
T71;none
T72;none
T73;none
T73A;none
T74;none
T75;none
T75A;none
T76;none
T76A;none
T76B;none
T77;none
T78;none
T79;none
T80;none
T80A;none
T80B;none
T81;none
T82;none
T83;none
T83A;none
T84;none
T84A;none
T84B;none
T84C;none
T84D;none
T85;none
T86;none
T87;none
T88;none
T88A;none
T88B;none
T89;none
T90;none
T91;none
T92;none
T92A;none
T93;none
T94;none
T95;none
T95A;none
T95B;none
T96;none
T97;none
T97A;none
T98;none
T99;none
T100;none
T100A;none
T101;none
T102;none
T102A;none
T103;none
A103A;none
T104;none
T105;none
T106;none
T107;none
T108;none
T109;none
T110;none
T111;none
T112;none
T113;none
T114;none
T115;none
T116;none
T116A;none
T116B;none
T117;none
T118;none
T119;none
T119A;none
T120;none
T121;none
T122;none
T123;none
T124;none
T125;none
T126;none
T127;none
T128;none
T128A;none
T129;none
T130;none
T131;none
T132;none
T133;none
T134;none
T135;none
T136;none
T136A;none
T137;none
T138;none
T139;none
T140;none
U1;u13333
U2;u13334
U3;u13335
U4;u13336
U5;u13337
U6;u13338
U7;u1333b
U7A;none
U7B;none
U7C;none
U7D;none
U8;u1333c
U9;u1333d
U10;u1333e
U10A;none
U11;u1333f
U12;u13340
U13;u13341
U13A;none
U13B;none
U13C;none
U13D;none
U14;u13342
U14A;none
U15;u13343
U15A;none
U16;u13344
U16A;none
U16B;none
U16C;none
U16D;none
U17;u13345
U18;u13346
U19;u13347
U19A;none
U20;u13348
U21;u13349
U21A;none
U22;u1334a
U22A;none
U22B;none
U23;u1334b
U23A;u1334c
U23B;none
U23C;none
U23D;none
U23E;none
U24;u1334d
U24A;none
U24B;none
U24C;none
U24D;none
U24E;none
U24F;none
U24G;none
U24H;none
U24I;none
U24J;none
U24K;none
U24L;none
U24M;none
U24N;none
U25;u1334e
U25A;none
U25B;none
U25C;none
U26;u1334f
U26A;none
U27;u13350
U27A;none
U27B;none
U28;u13351
U29;u13352
U29A;u13353
U30;u13354
U30A;none
U30B;none
U31;u13355
U32;u13356
U32A;u13357
U32B;none
U32C;none
U33;u13358
U33A;none
U33B;none
U34;u13359
U34A;none
U35;u1335a
U35A;none
U36;u1335b
U36A;none
U37;u1335c
U37A;none
U38;u1335d
U38A;none
U38B;none
U38C;none
U39;u1335e
U39A;none
U39B;none
U39C;none
U39E;none
U39F;none
U39G;none
U39H;none
U39I;none
U39J;none
U39K;none
U39L;none
U39M;none
U39N;none
U39O;none
U39P;none
U39Q;none
U40;u1335f
U41;u13360
U43;none
U44;none
U44A;none
U44B;none
U45;none
U46;none
U47;none
U48;none
U49;none
U49A;none
U50;none
U50A;none
U51;none
U52;none
U53;none
U54;none
U54A;none
U55;none
U55A;none
U56;none
U57;none
U58;none
U59;none
U60;none
U61;none
U62;none
U63;none
U64;none
U65;none
U66;none
U67;none
U68;none
U69;none
U70;none
U71;none
U72;none
U73;none
U74;none
U75;none
U76;none
U77;none
U78;none
U79;none
U80;none
U81;none
U82;none
U83;none
U84;none
U85;none
U86;none
U87;none
U88;none
U89;none
U90;none
U91;none
U91A;none
U92;none
U92A;none
U93;none
U94;none
U94A;none
U95;none
U96;none
U97;none
U97A;none
U97B;none
U98;none
U99;none
U99A;none
U99B;none
U99C;none
U99D;none
U99F;none
U100;none
U101;none
U102;none
U102A;none
U103;none
U104;none
U105;none
U106;none
U107;none
U108;none
U109;none
U110;none
U111;none
U112;none
U113;none
U114;none
U115;none
U116;none
U117;none
U118;none
U119;none
U120;none
U121;none
U122;none
U123;none
U124;none
U125;none
U125A;none
U126;none
U127;none
U128;none
U129;none
U130;none
U131;none
U132;none
U133;none
V1;u13362
V2;u1336c
V2A;u1336d
V2B;none
V3;u1336e
V4;u1336f
V5;u13370
V5A;none
V6;u13371
V6A;none
V7;u13372
V8;u13375
V9;u13376
V10;u13377
V11;u13378
V11A;u13379
V12;u1337c
V13;u1337f
V14;u13380
V15;u13381
V16;u13382
V16A;none
V16B;none
V17;u13383
V17A;none
V17B;none
V18;u13384
V19;u13385
V20;u13386
V20h;none
V21;u13393
V21A;none
V22;u13394
V23;u13395
V23A;u13396
V23B;none
V24;u13397
V25;u13398
V26;u13399
V27;u1339a
V27A;none
V27B;none
V28;u1339b
V28A;u1339c
V28B;none
V28C;none
V28D;none
V28E;none
V29;u1339d
V29A;u1339e
V30;u1339f
V31;u133a1
V31A;u133a2
V31B;none
V32;u133a3
V32A;none
V32B;none
V32C;none
V32D;none
V32E;none
V33;u133a4
V34;u133a6
V35;u133a7
V36;u133a8
V36A;none
V36B;none
V37;u133a9
V38;u133ab
V39;u133ac
V39A;none
V40;u133ad
V41;none
V42;none
V43;none
V43A;none
V44;none
V45;none
V46;none
V47;none
V47A;none
V48;none
V49;none
V49A;none
V50;none
V51;none
V52;none
V53;none
V54;none
V55;none
V56;none
V56A;none
V57;none
V58;none
V59;none
V60;none
V62;none
V63;none
V64;none
V65;none
V65A;none
V65B;none
V66;none
V67;none
V68;none
V69;none
V69A;none
V70;none
V71;none
V72;none
V73;none
V74;none
V75;none
V76;none
V77;none
V78;none
V79;none
V80;none
V81;none
V82;none
V83;none
V84;none
V85;none
V86;none
V87;none
V88;none
V89;none
V90;none
V91;none
V92;none
V93;none
V94;none
V95;none
V96;none
V97;none
V98;none
V99;none
V100;none
V101;none
V102;none
V103;none
V103A;none
V104;none
V105;none
V106;none
V106A;none
V107;none
V108;none
V109;none
V110;none
V110A;none
V111;none
V112;none
V113;none
V114;none
V115;none
V116;none
V117;none
V117A;none
V118;none
V119;none
V120;none
V121;none
V122;none
V123;none
V124;none
V125;none
V126;none
V127;none
V128;none
V129;none
V130;none
V131;none
V132;none
V133;none
V134;none
V135;none
V136;none
V137;none
V138;none
V139;none
V140;none
V141;none
W1;u133af
W1A;none
W1B;none
W2;u133b0
W2B;none
W3;u133b1
W3A;u133b2
W4;u133b3
W4A;none
W5;u133b4
W5A;none
W6;u133b5
W6A;none
W7;u133b6
W7A;none
W8;u133b7
W9;u133b8
W9A;u133b9
W9B;none
W10;u133ba
W10A;u133bb
W10B;none
W11;u133bc
W11A;none
W12;u133bd
W13;u133be
W14;u133bf
W14A;u133c0
W15;u133c1
W15A;none
W15B;none
W16;u133c2
W16A;none
W17;u133c3
W17A;u133c4
W17B;none
W17C;none
W17D;none
W18;u133c5
W18A;u133c6
W18B;none
W19;u133c7
W20;u133c8
W21;u133c9
W21A;none
W21B;none
W21C;none
W22;u133ca
W23;u133cb
W24;u133cc
W25;u133ce
W25A;none
W27;none
W27A;none
W27B;none
W28;none
W29;none
W30;none
W31;none
W32;none
W32A;none
W33;none
W34;none
W34A;none
W35;none
W35A;none
W35B;none
W36;none
W37;none
W37A;none
W37B;none
W37C;none
W37D;none
W38;none
W39;none
W40;none
W41;none
W42;none
W42A;none
W43;none
W44;none
W45;none
W46;none
W47;none
W48;none
W48A;none
W49;none
W50;none
W51;none
W52;none
W53W;none
53A;none
W54;none
W55;none
W56;none
W57;none
W58;none
W59;none
W59A;none
W60;none
W61;none
W62;none
W63;none
W64;none
W65;none
W66;none
W67;none
W68;none
W69;none
W70;none
W71;none
W72;none
W73;none
W74;none
W75;none
W76;none
W77;none
W78;none
W78A;none
W79;none
W80;none
W81;none
W82;none
W83;none
W84;none
W85;none
W86;none
W87;none
W88;none
W89;none
W90;none
W91;none
W92;none
W93;none
W94;none
W95;none
W96;none
W97;none
W98;none
W99;none
W100;none
W101;none
W102;none
W103;none
W104;none
W105;none
W106;none
W107;none
W108;none
W109;none
W110;none
W111;none
W112;none
W113;none
W114;none
W115;none
W116;none
W117;none
W118;none
W119;none
W120;none
W121;none
W122;none
W123;none
W124;none
W125;none
W126;none
X1;u133cf
X2;u133d0
X2A;none
X2B;none
X2C;none
X2D;none
X3;u133d1
X3A;none
X3B;none
X3C;none
X4;u133d2
X4A;u133d3
X4B;u133d4
X4C;none
X4D;none
X4E;none
X4F;none
X4G;none
X5;u133d5
X5A;none
X6;u133d6
X6A;u133d7
X6B;none
X6C;none
X6D;none
X7;u133d8
X8;u133d9
X10;none
X11;none
X12;none
X13;none
Y1;u133db
Y1v;none
Y2;u133dd
Y2v;none
Y3;u133de
Y3A;none
Y3B;none
Y3C;none
Y4;u133df
Y4A;none
Y5;u133e0
Y5A;none
Y6;u133e1
Y7;u133e2
Y7A;none
Y8;u133e3
Y8A;none
Y10;none
Y11;none
Y12;none
Y13;none
Y14;none
Y15;none
Y16;none
Y17;none
Y18;none
Y18A;none
Y18B;none
Y18C;none
Y18D;none
Y19;none
Y20;none
Y21;none
Y22;none
Y23;none
Y24;none
Y25;none
Y26;none
Y27;none
Z1;u133e4
Z1A;none
Z2;u133e5
Z2A;u133e6
Z2B;u133e7
Z2C;u133e8
Z3;u133ea
Z3A;u133eb
Z4;u133ed
Z4A;u133ee
Z4B;none
Z5;u133ef
Z5A;u133f0
Z6;u133f1
Z6A;none
Z7;u133f2
Z8;u133f3
Z9;u133f4
Z10;u133f5
Z11;u133f6
Z11A;none
Z11B;none
Z12;u133f7
Z13;u133f8
Z14;u133f9
Z15;u133fa
Z16;u13404
Z17;none
Z18;none
Z19;none
Z20;none
Z21;none
Z22;none
Z23;none
Z24;none
Z25;none
Z25A;none
Z25B;none
Z26;none
Z27;none
Z28;none
Z29;none
Z29A;none
Z29B;none
Z30;none
Z31;none
Z32;none
Z33;none
Z34;none
Z35;none
Z36;none
Z37;none
Z38;none
Z39;none
Z40;none
Z41;none
Aa1;u1340d
Aa2;u1340e
Aa3;u1340f
Aa3A;none
Aa3B;none
Aa3C;none
Aa4;u13410
Aa4A;none
Aa5;u13411
Aa5A;none
Aa5B;none
Aa5C;none
Aa5D;none
Aa6;u13412
Aa7;u13413
Aa8;u13416
Aa8A;none
Aa8B;none
Aa9;u13417
Aa10;u13418
Aa11;u13419
Aa11v;none
Aa12;u1341a
Aa13;u1341b
Aa14;u1341c
Aa15;u1341d
Aa16;u1341e
Aa17;u1341f
Aa18;u13420
Aa18A;none
Aa19;u13421
Aa20;u13422
Aa20A;none
Aa20B;none
Aa20C;none
Aa21;u13423
Aa21A;none
Aa21B;none
Aa21C;none
Aa22;u13424
Aa23;u13425
Aa23A;none
Aa23B;none
Aa23C;none
Aa23D;none
Aa23E;none
Aa23F;none
Aa23G;none
Aa23H;none
Aa23I;none
Aa23J;none
Aa23K;none
Aa23L;none
Aa23M;none
Aa23N;none
Aa23O;none
Aa23P;none
Aa23Q;none
Aa23R;none
Aa23S;none
Aa23T;none
Aa24;u13426
Aa24A;none
Aa24B;none
Aa25;u13427
Aa25A;none
Aa26;u13428
Aa27;u13429
Aa27A;none
Aa27B;none
Aa27C;none
Aa27D;none
Aa27E;none
Aa27F;none
Aa27G;none
Aa28;u1342a
Aa29;u1342b
Aa30;u1342c
Aa30h;none
Aa31;u1342d
Aa32;u1342e
Aa32A;none
Aa32h;none
Aa34;none
Aa34A;none
Aa35;none
Aa36;none
Aa37;none
Aa38;none
Aa39;none
Aa40;none
Aa41;none
Aa42;none
Aa43;none
Aa44;none
Aa45;none
Aa46;none
Aa47;none
Aa48;none
Aa49;none
Aa49A;none
Aa50;none
Aa50A;none
Aa51;none
Aa52;none
Aa53;none
Aa54;none
Aa55;none
Aa56;none
Aa57;none
Aa58;none
Aa59;none
Aa60;none
Aa61;none
Aa62;none
Aa63;none
Aa64;none
Aa65;none
Aa66;none
Aa67;none
Aa68;none
Aa69;none
Aa70;none
Aa71;none
Aa72;none
Aa73;none
Aa74;none
Aa75;none
Aa76;none
Aa77;none
Aa78;none
Aa79;none
Aa80;none
Aa81;none
Uu1;u13049
Uu2;u1304a
Uu3;u1304f
Uu4;u1306a
Uu5;u1306c
Uu6;u1306d
Uu7;u13097
Uu8;u130ab
Uu9;u130af
Uu10;u130b0
Uu11;u130b1
Uu12;u130b2
Uu13;u130b3
Uu14;u130b4
Uu15;u130b5
Uu16;u130b6
Uu17;u130bc
Uu18;u130c6
Uu19;u130c8
Uu20;u130ca
Uu21;u130cb
Uu22;u130cc
Uu23;u130cd
Uu24;u130ce
Uu25;u130cf
Uu26;u130d0
Uu27;u130d1
Uu28;u130f3
Uu29;u13131
Uu30;u13145
Uu31;u1314d
Uu32;u13169
Uu33;u1316b
Uu34;u13175
Uu35;u13196
Uu36;u131a5
Uu37;u131aa
Uu38;u131ac
Uu39;u131ba
Uu40;u131bf
Uu41;u131c0
Uu42;u131c1
Uu43;u131c2
Uu44;u131c3
Uu45;u131c4
Uu46;u131da
Uu47;u13202
Uu48;u1320a
Uu49;u13220
Uu50;u13221
Uu51;u13222
Uu52;u13223
Uu53;u13224
Uu54;u13225
Uu55;u13226
Uu56;u13227
Uu57;u13228
Uu58;u13229
Uu59;u1322a
Uu60;u1322b
Uu61;u1322c
Uu62;u1322d
Uu63;u1322e
Uu64;u1322f
Uu65;u13230
Uu66;u13231
Uu67;u13232
Uu68;u13233
Uu69;u13234
Uu70;u13235
Uu71;u13236
Uu72;u13237
Uu73;u13238
Uu74;u13239
Uu75;u1323a
Uu76;u1323b
Uu77;u1323c
Uu78;u1323d
Uu79;u1323
Uu80;u132f
Uu81;u1340
Uu82;u1241
Uu83;u3242
Uu84;13243
Uu85u13244
Uu8;u13245
Uu7;u13246
U88;u13247
u89;u13248
Uu90;u13249
Uu91;u1324a
Uu92;u1324b
Uu93;u1324c
Uu94;u1324d
Uu95;u1324e
Uu96;u1324f
Uu97;u13251
Uu98;u13256
Uu99;u1325c
Uu100;u1325d
Uu101;u13262
Uu102;u13263
Uu103;u13264
Uu104;u13277
Uu105;u1327c
Uu106;u1327e
Uu107;u13298
Uu108;u13299
Uu109;u132d8
Uu110;u132f0
Uu111;u132f1
Uu112;u132fb
Uu113;u13339
Uu114;u1333a
Uu115;u13361
Uu116;u13363
Uu117;u13364
Uu118;u13365
Uu119;u13366
Uu120;u13367
Uu121;u13368
Uu122;u13369
Uu123;u1336a
Uu124;u1336b
Uu125;u13373
Uu126;u13374
Uu127;u1337a
Uu128;u1337b
Uu129;u1337d
Uu130;u1337e
Uu131;u13387
Uu132;u13388
Uu133;u13389
Uu134;u1338a
Uu135;u1338b
Uu136;u1338c
Uu137;u1338d
Uu138;u1338e
Uu139;u1338f
Uu140;u13390
Uu141;u13391
Uu142;u13392
Uu143;u133a0
Uu144;u133a5
Uu145;u133aa
Uu146;u133ae
Uu147;u133cd
Uu148;u133da
Uu149;u133dc
Uu150;u133e9
Uu151;u133ec
Uu152;u133fb
Uu153;u133fc
Uu154;u133fd
Uu155;u133fe
Uu156;u133ff
Uu157;u13400
Uu158;u13401
Uu159;u13402
Uu160;u13403
Uu161;u13405
Uu162;u13406
Uu163;u13407
Uu164;u13408
Uu165;u13409
Uu166;u1340a
Uu167;u1340b
Uu168;u1340c
Uu169;u13414
Uu170;u13415